">ABA26778 A/Ashburton/280/2004 2004/10/12 M1","MSLLTEVETYVLSIVPSGPLKAEIAQRLEDVFAGKNTDLEALMEWLKTRPILSPLTKGILGFVFTLTVPS""ERGLQRRRFVQNALNGNGDPNNMDKAVKLYRKLKREITFHGAKEIALSYSAGALASCMGLIYNRMGAVTT""EVAFGLVCATCEQIADSQHRSHRQMVATTNPLIKHENRMVLASTTAKAMEQMAGSSEQAAEAMEIASQAR""RMVQAMRAVGTHPSSSTGLRDDLLENLQTYQKRMGVQMQRFK"
">ACQ42241 A/Auckland/1/2009 2009/04/25 M1","QRLESVFAGKNTDLEALMEWLKTRPILSPLTKGILGFVFTLTVPSERGLQRRRFVQNALNGNGDPNNMDR""AVKLYKKLKREITFHGAKEVSLSYSTGALASCMGLIYNRMGTVTTEAAFGLVCATCEQIADSQHRSHRQM""ATTTNPLIRHENRMVLASTTAKAMEQMAGSSEQAAEAMEVANQTRQMVHAMRTIGTHPSSSAGLKDDLLE""NLQAYQKRMGVQMQRFK"
">AFH00528 A/Auckland/10/1997 1997/08/01 M1","MSLLTEVETYVLSIVPSGPLKAEIAQRLEDVFAGKNTDLEALMEWLKTRPILSPLTKGILGFVFTLTVPS""ERGLQRRRFVQNALNGNGDPNNMDKAVKLYRKLKREITFHGAKEIALSYSAGALASCMGLIYNRMGAVTT""EVAFGLVCATCEQIADSQHRSHRQMVATTNPLIRHENRMVLASTTAKAMEQMAGSSEQAAEAMEIASQAR""QMVQAMRAVGTHPSSSTGLRDDLLENLQTYQKRMGVQMQRFK"
">ACD37470 A/Auckland/16/2007 2007/06/27 M1","MSLLTEVETYVLSIVPSGPLKAEIAQRLEDVFAGKNTDLEALMEWLKTRPILSPLTKGILGFVFTLTVPS""ERGLQRRRFVQNALNGNGDPNNMDRAVKLYRKLKREITFHGAKEIALSYSAGALASCMGLIYNRMGAVTT""ESAFGLICATCEQIADSQHKSHRQMVTTTNPLIRHENRMVLASTTAKAMEQMAGSSEQAAEAMEVASQAR""QMVQAMRAIGTHPSSSTGLKNDLLENLQAYQKRMGVQMQRFK"
">ACQ42238 A/Auckland/2/2009 2009/04/24 M1","MSLLTEVETYVLSIIPSGPLKAEIAQRLESVFAGKNTDLEALMEWLKTRPILSPLTKGILGFVFTLTVPS""ERGLQRRRFVQNALNGNGDPNNMDRAVKLYKKLKREITFHGAKEVSLSYSTGALASCMGLIYNRMGTVTT""EAAFGLVCATCEQIADSQHRSHRQMATTTNPLIRHENRMVLASTTAKAMEQMAGSSEQAAEAMEVANQTR""QMVHAMRTIGTHPSSSAGLKDDLLENLQAYQKRMGVQMQRFK"
">ACQ42236 A/Auckland/3/2009 2009/04/25 M1","MSLLTEVETYVLSIIPSGPLKAEIAQRLESVFAGKNTDLEALMEWLKTRPILSPLTKGILGFVFTLTVPS""ERGLQRRRFVQNALNGNGDPNNMDRAVKLYKKLKREITFHGAKEVSLSYSTGALASCMGLIYNRMGTVTT""EAAFGLVCATCEQIADSQHRSHRQMATTTNPLIRHENRMVLASTTAKAMEQMAGSSEQAAEAMEVANQTR""QMVHAMRTIGTHPSSSAGLKDDLLENLQAYQKRMGVQMQRFK"
">ACS16449 A/Auckland/4/2009 2009/04/ M1","SLLTEVETYVLSIIPSGPLKAEIAQRLESVFAGKNTDLEALMEWLKTRPILSPLTKGILGFVFTLTVPSE""RGLQRRRFVQNALNGNGDPNNMDRAVKLYKKLKREITFHGAKEVSLSYSTGALASCMGLIYNRMGTVTTE""AAFGLVCATCEQIADSQHRSHRQMATTTNPLIRHENRMVLASTTAKAMEQMAGSSEQAAEAMEVANQTRQ""MVHAMRTIGTHPSSSAGLKDDLLENLQAYQKRMGVQMQRFK"
">AFG72052 A/Auckland/4382/1982 1982// M1","MSLLTEVETYVLSIVPSGPLKAEIAQRLEDVFAGKNTDLEALMEWLKTRPILSPLTKGILGFVFTLTVPS""ERGLQRRRFVQNALNGNGDPNNMDRAVKLYRKLKREITFHGAKEIALSYSAGALASCMGLIYNRMGAVTT""EVAFGLVCATCEQIADSQHRSHRQMVATTNPLIRHENRMVLASTTAKAMEQMAGSSEQAAEAMEVASQAR""QMVQAMRAIGTHPSSSAGLKDDLLENLQTYQKRMGVQMQRFK"
">ABR15886 A/Auckland/579/2000 2000/08/30 M1","MSLLTEVETYVLSIVPSGPLKAEIAQRLEDVFAGKNTDLEALMEWLKTRPILSPLTKGILGFVFTLTVPS""ERGLQRRRFVQNALNGNGDPNNMDRAVKLYRKLKREITFHGAKEIALSYSAGALASCMGLIYNRMGAVTT""ESAFGLICATCEQIADSQHKSHRQMVTTTNPLIRHENRMVLASTTAKAMEQMAGSSEQAAEAMEVASQAR""QMVQAMRAIGTHPSSSTGLKNDLLENLQAYQKRMGVQMQRFK"
">ABR15897 A/Auckland/580/2000 2000/09/06 M1","MSLLTEVETYVLSIIPSGPLKAEIAQRLEDVFAGKNTDLEALMEWLKTRPILSPLTKGILGFVFTLTVPS""ERGLQRRRFVQNALNGNGDPNNMDRAVKLYRKLKREITFHGAKEIALSYSAGALASCMGLIYNRMGAVTT""ESAFGLICATCEQIADSQHKSHRQMVTTTNPLIRHENRMVLASTTAKAMEQMAGSSEQAAEAMEVASQAR""QMVQAMRAIGTHPSSSTGLKNDLLENLQAYQKRMGVQMQRFK"
">ABR15908 A/Auckland/581/2000 2000/09/05 M1","MSLLTEVETYVLSIVPSGPLKAEIAQRLEDVFAGKNTDLEALMEWLKTRPILSPLTKGILGFVFTLTVPS""ERGLQRRRFVQNALNGNGDPNNMDRAVKLYRKLKREITFHGAKEIALSYSAGALASCMGLIYNRMGAVTT""ESAFGLICATCEQIADSQHKSHRQMVTTTNPLIRHENRMVLASTTAKAMEQMAGSSEQAAEAMEVASQAR""QMVQAMRAIGTHPSSSTGLKNDLLENLQAYQKRMGVQMQRFK"
">ABR15919 A/Auckland/582/2000 2000/11/09 M1","MSLLTEVETYVLSIVPSGPLKAEIAQRLEDVFAGKNTDLEALMEWLKTRPILSPLTKGILGFVFTLTVPS""ERGLQRRRFVQNALNGNGDPNNMDRAVKLYRKLKREITFHGAKEIALSYSAGALASCMGLIYNRMGAVTT""ESAFGLICATCEQIADSQHKSHRQMVTTTNPLIRHENRMVLASTTAKAMEQMAGSSEQAAEAMEVASQAR""QMVQAMRAIGTHPSSSTGLKNDLLENLQAYQKRMGVQMQRFK"
">ABU80178 A/Auckland/583/2000 2000/02/12 M1","MSLLTEVETYVLSIVPSGPLKAEIAQRLEDVFAGKNTDLEALMEWLKTRPILSPLTKGILGFVFTLTVPS""ERGLQRRRFVQNALNGNGDPNNMDKAVKLYRKLKREITFHGAKEIALSYSAGALASCMGLIYNRMGAVTT""EVAFGLVCATCEQIADSQHRSHRQMVATTNPLIKHENRMVLASTTAKAMEQMAGSSEQAAEAMEIASQAR""QMVQAMRTVGTHPSSSTGLRDDLLENLQTYQKRMGVQMQRFK"
">ABU80299 A/Auckland/584/2000 2000/09/13 M1","MSLLTEVETYVLSIVPSGPLKAEIAQRLEDVFAGKNTDLEALMEWLKTRPILSPLTKGILGFVFTLTVPS""ERGLQRRRFVQNALNGNGDPNNMDRAVKLYRKLKREITFHGAKEIALSYSAGALASCMGLIYNRMGAVTT""ESAFGLICATCEQIADSQHKSHRQMVTTTNPLIRHENRMVLASTTAKAMEQMAGSSEQAAEAMEVASQAR""QMVQAMRAIGTHPSSSTGLKNDLLENLQAYQKRMGVQMQRFK"
">ABV45850 A/Auckland/585/2000 2000/09/15 M1","MSLLTEVETYVLSIVPSGPLKAEIAQRLEDVFAGKNTDLEALMEWLKTRPILSPLTKGILGFVFTLTVPS""ERGLQRRRFVQNALNGNGDPNNMDRAVKLYRKLKREITFHGAKEIALSYSAGALASCMGLIYNRMGAVTT""ESAFGLICATCEQIADSQHKSHRQMVTTTNPLIRHENRMVLASTTAKAMEQMAGSSEQAAEAMEVASQAR""QMVQAMRAIGTHPSSSTGLKNDLLENLQAYQKRMGVQMQRFK"
">ABR28769 A/Auckland/586/2000 2000/09/20 M1","MSLLTEVETYVLSIVPSGPLKAEIAQRLEDVFAGKNTDLEALMEWLKTRPILSPLTKGILGFVFTLTVPS""ERGLQRRRFVQNALNGNGDPNNMDRAVKLYRKLKREITFHGAKEIALSYSAGALASCMGLIYNRMGAVTT""ESAFGLICATCEQIADSQHKSHRQMVTTTNPLIRHENRMVLASTTAKAMEQMAGSSEQAAEAMEVASQAR""QMVQAMRAIGTHPSSSTGLKNDLLENLQAYQKRMGVQMQRFK"
">ABR28780 A/Auckland/587/2000 2000/09/19 M1","MSLLTEVETYVLSIVPSGPLKAEIAQRLEDVFAGKNTDLEALMEWLKTRPILSPLTKGILGFVFTLTVPS""ERGLQRRRFVQNALNGNGDPNNMDRAVKLYRKLKREITFHGAKEIALSYSAGALASCMGLIYNRMGAVTT""ESAFGLICATCEQIADSQHKSHRQMVTTTNPLIRHENRMVLASTTAKAMEQMAGSSEQAAEAMEVASQAR""QMVQAMRAIGTHPSSSTGLKNDLLENLQAYQKRMGVQMQRFK"
">ABR28791 A/Auckland/588/2000 2000/09/25 M1","MSLLTEVETYVLSIVPSGPLKAEIAQRLEDVFAGKNTDLEALMEWLKTRPILSPLTKGILGFVFTLTVPS""ERGLQRRRFVQNALNGNGDPNNMDKAVKLYRKLKREITFHGAKEIALSYSAGALASCMGLIYNRMGAVTT""EVAFGLVCATCEQIADSQHRSHRQMVATTNPLIKHENRMVLASTTAKAMEQMAGSSEQAAEAMEIASQAR""QMVQAMRTVGTHPSSSTGLRDDLLENLQTYQKRMGVQMQRFK"
">ABS49966 A/Auckland/589/2000 2000/09/28 M1","MSLLTEVETYVLSIVPSGPLKAEIAQRLEDVFAGKNTDLEALMEWLKTRPILSPLTKGILGFVFTLTVPS""ERGLQRRRFVQNALNGNGDPNNMDKAVKLYRKLKREITFHGAKEIALSYSAGALASCMGLIYNRMGAVTT""EVAFGLVCATCEQIADSQHRSHRQMVATTNPLIKHENRMVLASTTAKAMEQMAGSSEQAAEAMEIASQAR""QMVQAMRTVGTHPSSSTGLRDDLLENLQTYQKRMGVQMQRFK"
">ABR28802 A/Auckland/590/2000 2000/09/26 M1","MSLLTEVETYVLSIVPSGPLKAEIAQRLEDVFAGKNTDLEALMEWLKTRPILSPLTKGILGFVFTLTVPS""ERGLQRRRFVQNALNGNGDPNNMDRAVKLYRKLKREITFHGAKEIALSYSAGALASCMGLIYNRMGAVTT""ESAFGLICATCEQIADSQHKSHRQMVTTTNPLIRHENRMVLASTTAKAMEQMAGSSEQAAEAMEVASQAR""QMVQAMRAIGTHPSSSTGLKNDLLENLQAYQKRMGVQMQRFK"""
