Africa,>ALM04512 A/Addis Ababa/1514A07305892N/2013 2013/09/26 M1,"MSLLTEVETYVLSIVPSGPLKAEIAQRLEDVFAGKNTDLEALMEWLKTRPILSPLTKGILGFVFTLTVPS""ERGLQRRRFVQNALNGNGDPNNMDKAVKLYRKLKREITFHGAKEIALSYSAGALASCMGLIYNRMGAVTT""EVAFGLVCATCEQIADSQHRSHRQMVATTNPLIKHENRMVLASTTAKAMEQMAGSSEQAAEAMEIASQAR""QMVQAMRAIGTHPSSSTGLRDDLLENLQTYQKRMGVQMQRFK"
Africa,>ADM14978 A/Addis Ababa/WR2848T/2009 2009/12/01 M1,"MSQLTEVETYVLSIIPSGPLKAEIAQRLESVFAGKNTDLEALMEWLKTRPILSPLTKGILGFVFTLTVPS""ERGLQRRRFVQNALNGNGDPNNMDRAVKLYKKLKREITFHGAKEVSLSYSTGALASCMGLIYNRMGTVTT""EAAFGLVCATCEQIADSQHRSHRQMATTTNPLIRHENRMVLASTTAKAMEQMAGSSEQAAEAMEVANQTR""QMVHAMRTIGTHPSSSAGLKDDLLENLQAYQKRMGVQMQRFK"
Africa,>AQY18744 A/Cameroon/14V-3881/2014 2014/06/09 M1,"MSLLTEVETYVLSIVPSGPLKAEIAQRLEDVFAGKNTDLEALMEWLKTRPILSPLTKGILGFVFTLTVPS""ERGLQRRRFVQNALNGNGDPNNMDKAVKLYRKLKREITFHGAKEIALSYSAGALASCMGLIYNRMGAVTT""EVAFGLVCATCEQIADSQHRSHRQMVATTNPLIKHENRMVLASTTAKAMEQMAGSSEQAAEAMEIASQAR""QMVQAMRAIGTHPSSSTGLRDDLLENLQTYQKRMGVQMQRFK"
Africa,>AQY18748 A/Cameroon/14V-3889/2014 2014/06/06 M1,"LTEVETYVLSIVPSGPLKAEIAQRLEDVFAGKNTDLEALMEWLKTRPILSPLTKGILGFVFTLTVPSERG""LQRRRFVQNALNGNGDPNNMDKAVKLYRKLKREITFHGAKEIALSYSAGALASCMGLIYNRMGAVTTEVA""FGLVCATCEQIADSQHRSHRQMVATTNPLIKHENRMVLASTTAKAMEQMAGSSEQAAEAMEIASQARQMV""QAMRAIGTHPSSSTGLRDDLLENLQTYQKRMGVQMQRFK"
Africa,>AQY18756 A/Cameroon/14V-4304/2014 2014/06/20 M1,"LTEVETYVLSIVPSGPLKAEIAQRLEDVFAGKNTDLEALMEWLKTRPILSPLTKGILGFVFTLTVPSERG""LQRRRFVQNALNGNGDPNNMDKAVKLYRKLKREITFHGAKEIALSYSAGALASCMGLIYNRMGAVTTEVA""FGLVCATCEQIADSQHRSHRQMVATTNPLIKHENRMVLASTTAKAMEQMAGSSEQAAEAMEIASQARQMV""QAMRAIGTHPSSSTGLRDDLLENLQTYQKRMGVQMQRFK"
Africa,>AQY18760 A/Cameroon/14V-4680/2014 2014/07/04 M1,"LTEVETYVLSIVPSGPLKAEIAQRLEDVFAGKNTDLEALMEWLKTRPILSPLTKGILGFVFTLTVPSERG""LQRRRFVQNALNGNGDPNNMDKAVKLYRKLKREITFHGAKEIALSYSAGALASCMGLIYNRMGAVTTEVA""FGLVCATCEQIADSQHRSHRQMVATTNPLIKHENRMVLASTTAKAMEQMAGSSEQAAEAMEIASQARQMV""QAMRAIGTHPSSSTGLRDDLLENLQTYQKRMGVQMQRFK"
Africa,>AVV64981 A/Cameroon/14v-1822_M/2014 2014/03/12 M1,"KAEIAQRLESVFAGKNTDLEALMEWLKTRPILSPLTKGILGFVFTLTVPSERGLQRRRFIQNALNGNGDP""NNMDRAVKLYKKLKREITFHGAKEVSLSYSTGALASCMGLIYNRMGTVTTEAAFGLVCATCEQIADSQHR""SHRQMATTTNPLIRHENRMVLASTTAKAMEQVAGSSEQAAEAMEVANQTRQMVHAMRTIGTHPSSSAGLR""DDLLENLQAYQKRMGVQMQRFK"
Africa,>AVV64983 A/Cameroon/14v-213-M/2014 2014/01/09 M1,"LSIIPSGPLKAEIAQRLESVFAGKNTDLEALMEWLKTRPILSPLTKGILGFVFTLTVPSERGLQRRRFIQ""NALNGNGDPNNMDRAVKLYKKLKREITFHGAKEVSLSYSTGALASCMGLIYNRMGTVTTEAAFGLVCATC""EQIADSQHRSHRQMATTTNPLIRHENRMVLASTTARAMEQVAGSSEQAAEAMEVANQTRQMVHAMRTIGT""HPSSSAGLRDDLLENLQAYQKRMGVQMQRFK"
Africa,>AXO59834 A/Cameroon/14v-9617/2014 2014/12/03 M1,"MSLLTEVETYVLSIVPSGPLKAEIAQRLEDVFAGKNTDLEALMEWLKTRPILSPLTKGILGFVFTLTVPS""ERGLQRRRFVQNALNGNGDPNNMDKAVKLYRKLKREITFHGAKEIALSYSAGALASCMGLIYNRMGAVTT""EVAFGLVCATCEQIADSQHRSHRQMVATTNPLIKHENRMVLASTTAKAMEQMAGSSEQAAEAMEIASQAR""QMVQAMRAIGTHPSSSTGLRDDLLENLQTYQKRMGVQMQRFK"
Africa,>AQY18764 A/Cameroon/15V-0569/2015 2015/01/14 M1,"TYVLSIVPSGPLKAEIAQRLEDVFAGKNTDLEALMEWLKTRPILSPLTKGILGFVFTLTVPSERGLQRRR""FVQNALNGNGDPNNMDKAVKLYRKLKREITFHGAKEIALSYSAGALASCMGLIYNRMGAVTTEVAFGLVC""ATCEQIADSQHRSHRQMVATTNPLIKHENRMVLASTTAKAMEQMAGSSEQAAEAMEIASQARQMVQAMRA""IGTHPSSSTGLRDDLLENLQTYQKRMGVQMQRFK"
Africa,>AQY18768 A/Cameroon/15V-1265/2015 2015/02/05 M1,"LTEVETYVLSIVPSGPLKAEIAQRLEDVFAGKNTDLEALMEWLKTRPILSPLTKGILGFVFTLTVPSERG""LQRRRFVQNALNGNGDPNNMDKAVKLYRKLKREITFHGAKEIALSYSAGALASCMGLIYNRMGAVTTEVA""FGLVCATCEQIADSQHRSHRQMVATTNPLIKHENRMVLASTTAKAMEQMAGSSEQAAEAMEIASQARQMV""QAMRAIGTHPSSSTGLRDDLLENLQTYQKRMGVQMQRFK"
Africa,>AQY18772 A/Cameroon/15V-2112/2015 2015/03/09 M1,"MSLLTEVETYVLSIVPSGPLKAEIAQRLEDVFAGKNTDLEALMEWLKTRPILSPLTKGILGFVFTLTVPS""ERGLQRRRFVQNALNGNGDPNNMDKAVKLYRKLKREITFHGAKEIALSYSAGALASCMGLIYNRMGAVTT""EVAFGLVCATCEQIADSQHRSHRQMVATTNPLIKHENRMVLASTTAKAMEQMAGSSEQAAEAMEIASQAR""QMVQAMRAIGTHPSSSTGLRDDLLENLQTYQKRMGVQMQRFK"
Africa,>AQY18776 A/Cameroon/15V-2119/2015 2015/03/12 M1,"MSLLTEVETYVLSIVPSGPLKAEIAQRLEDVFAGKNTDLEALMEWLKTRPILSPLTKGILGFVFTLTVPS""ERGLQRRRFVQNALNGNGDPNNMDKAVKLYRKLKREITFHGAKEIALSYSAGALASCMGLIYNRMGAVTT""EVAFGLVCATCEQIADSQHRSHRQMVATTNPLIKHENRMVLASTTAKAMEQMAGSSEQAAEAMEIASQAR""QMVQAMRAIGTHPSSSTGLRDDLLENLQTYQKRMGVQMQRFK"
Africa,>AQY18780 A/Cameroon/15V-3279/2015 2015/04/17 M1,"MSLLTEVETYVLSIVPSGPLKAEIAQRLEDVFAGKNTDLEALMEWLKTRPILSPLTKGILGFVFTLTVPS""ERGLQRRRFVQNALNGNGDPNNMDKAVKLYRKLKREITFHGAKEIALSYSAGALASCMGLIYNRMGAVTT""EVAFGLVCATCEQIADSQHRSHRQMVATTNPLIKHENRMVLASTTAKAMEQMAGSSEQAAEAMEIASQAR""QMVQAMRAIGTHPSSSTGLRDDLLENLQTYQKRMGVQMQRFK"
Africa,>AQY18784 A/Cameroon/15V-3538/2015 2015/05/05 M1,"MSLLTEVETYVLSIVPSGPLKAEIAQRLEDVFAGKNTDLEALMEWLKTRPILSPLTKGILGFVFTLTVPS""ERGLQRRRFVQNALNGNGDPNNMDKAVKLYRKLKREITFHGAKEIALSYSAGALASCMGLIYNRMGAVTT""EVAFGLVCATCEQIADSQHRSHRQMVATTNPLIKHENRMVLASTTAKAMEQMAGSSEQAAEAMEIASQAR""QMVQAMRAIGTHPSSSTGLRDDLLENLQTYQKRMGVQMQRFK"
Africa,>AQY18788 A/Cameroon/15V-4101/2015 2015/05/18 M1,"TYVLSIVPSGPLKAEIAQRLEDVFAGKNTDLEALMEWLKTRPILSPLTKGILGFVFTLTVPSERGLQRRR""FVQNALNGNGDPNNMDKAVKLYRKLKREITFHGAKEIALSYSAGALASCMGLIYNRMGAVTTEVAFGLVC""ATCEQIADSQHRSHRQMVATTNPLIKHENRMVLASTTAKAMEQMAGSSEQAAEAMEIASQARQMVQAMRA""IGTHPSSSTGLRDDLLENLQTYQKRMGVQMQRFK"
Africa,>AQY18792 A/Cameroon/15V-6331/2015 2015/08/26 M1,"MSLLTEVETYVLSIVPSGPLKAEIAQRLEDVFAGKNTDLEALMEWLKTRPILSPLTKGILGFVFTLTVPS""ERGLQRRRFVQNALNGNGDPNNMDKAVKLYRKLKREITFHGAKEIALSYSAGALASCMGLIYNRMGAVTT""EVAFGLVCATCEQIADSQHRSHRQMVATTNPLIKHENRMVLASTTAKAMEQMAGSSEQAAEAMEIASQAR""QMVQAMRAIGTHPSSSTGLRDDLLENLQTYQKRMGVQMQRFK"
Africa,>AQY18796 A/Cameroon/15V-6727/2015 2015/09/17 M1,"MSLLTEVETYVLSIVPSGPLKAEIAQRLEDVFAGKNTDLEALMEWLKTRPILSPLTKGILGFVFTLTVPS""ERGLQRRRFVQNALNGNGDPNNMDKAVKLYRKLKREITFHGAKEIALSYSAGALASCMGLIYNRMGAVTT""EVAFGLVCATCEQIADSQHRSHRQMVATTNPLIKHENRMVLASTTAKAMEQMAGSSEQAAEAMEIASQAR""QMVQAMRAIGTHPSSSTGLRDDLLENLQTYQKRMGVQMQRFK"
Africa,>AQY18800 A/Cameroon/15V-6956/2015 2015/09/23 M1,"MSLLTEVETYVLSIVPSGPLKAEIAQRLEDVFAGKNTDLEALMEWLKTRPILSPLTKGILGFVFTLTVPS""ERGLQRRRFVQNALNGNGDPNNMDKAVKLYRKLKREITFHGAKEIALSYSAGALASCMGLIYNRMGAVTT""EVAFGLVCATCEQIADSQHRSHRQMVATTNPLIKHENRMVLASTTAKAMEQMAGSSEQAAEAMEIASQAR""QMVQAMRAIGTHPSSSTGLRDDLLENLQTYQKRMGVQMQRFK"
Africa,>AQY18804 A/Cameroon/15V-7288/2015 2015/10/08 M1,"MSLLTEVETYVLSIVPSGPLKAEIAQRLEDVFAGKNTDLEALMEWLKTRPILSPLTKGILGFVFTLTVPS""ERGLQRRRFVQNALNGNGDPNNMDKAVKLYRKLKREITFHGAKEIALSYSAGALASCMGLIYNRMGAVTT""EVAFGLVCATCEQIADSQHRSHRQMVATTNPLIKHENRMVLASTTAKAMEQMAGSSEQAAEAMEIASQAR""QMVQAMRAIGTHPSSSTGLRDDLLENLQTYQKRMGVQMQRFK"""
Asia,>AAA43278 A/Adachi/57 1957// M1,QRRRFGRNALDGNGDPNNMHRPVKQNRKLKREITFHGAK
Asia,>ACY39827 A/Aichi/198/2009 2009/06/15 M1,"MSLLTEVETYVLSIIPSGPLKAEIAQRLESVFAGKNTDLEALMEWLKTRPILSPLTKGILGFVFTLTVPS""ERGLQRRRFVQNALNGNGDPNNMDRAVKLYKKLKREITFHGAKEVSLSYSTGALASCMGLIYNRMGTVTT""EAAFGLVCATCEQIADSQHRSHRQMATTTNPLIRHENRMVLASTTAKAMEQMAGSSEQAAEAMEVANQTR""QMVHAMRTIGTHPSSSAGLKDDLLENLQAYQKRMGVQMQRFK"
Asia,>AAA43277 A/Aichi/2/1968 1968// M1,"MSLLTEVETYVLSIVPSGPLKAEIAQRLEDVFAGKNTDLEALMEWLKTRPILSPLTKGILGFVFTLTCPS""ERGLQRRRFVQNALNGNGDPNNMDRAVKLYRKLKREITFHGAKEIALSYSAGALASCMGLIYNRMGAVTT""EVAFGLVCATCEQIADSQHRSHRQMVTTTNPLIRHENRMVLASTTAKAMEQMAGSSEQAAEAMEVASQAR""QMVQAMRAIGTHPRSSAGLKDDLLENLQAYQKRMGVQMQRFK"
Asia,>AFM71858 A/Aichi/2/1968 1968// M1,"MSLLTEVETYVLSIVPSGPLKAEIAQRLEDVFAGKNTDLEALMEWLKTRPILSPLTKGILGFVFTLTVPS""ERGLQRRRFVQNALNGNGDPNNMDRAVKLYRKLKREITFHGAKEIALSYSAGALASCMGLIYNRMGAVTT""EVAFGLVCATCEQIADSQHRSHRQMVTTTNPLIRHENRMVLASTTAKAMEQMAGSSEQAAEAMEVASQAR""QMVQAMRAIGTHPRSSAGLKDDLLENLQAYQKRMGVQMQRFK"
Asia,>ACY39829 A/Aichi/202/2009 2009/06/16 M1,"MSLLTEVETYVLSIIPSGPLKAEIAQRLESVFAGKNTDLEALMEWLKTRPILSPLTKGILGFVFTLTVPS""ERGLQRRRFVQNALNGNGDPNNMDRAVKLYKKLKREITFHGAKEVSLSYSTGALASCMGLIYNRMGTVTT""EAAFGLVCATCEQIADSQHRSHRQMATTTNPLIRHENRMVLASTTAKAMEQMAGSSEQAAEAMEVANQTR""QMVHAMRTIGTHPSSSAGLKDDLLENLQAYQKRMGVQMQRFK"
Asia,>ACT22019 A/Akita/1/2009 2009/06/11 M1,"MSLLTEVETYVLSIIPSGPLKAEIAQRLESVFAGKNTDLEALMEWLKTRPILSPLTKGILGFVFTLTVPS""ERGLQRRRFVQNALNGNGDPNNMDRAVKLYKKLKREITFHGAKEVSLSYSTGALASCMGLIYNRMGTVTT""EAAFGLVCATCEQIADSQHRSHRQMATTTNPLIRHENRMVLASTTAKAMEQMAGSSEQAAEAMEVANQTR""QMVHAMRTIGTHPSSSAGLKDDLLENLQAYQKRMGVQMQRFK"
Asia,>AFH00066 A/Akita/4/1993 1993// M1,"MSLLTEVETYVLSIVPSGPLKAEIAQRLEDVFAGKNTDLEALMEWLKTRPILSPLTKGILGFVFTLTVPS""ERGLQRRRFVQNALNGNGDPNNMDRAVKLYRKLKREITFHGAKEIALSYSAGALASCMGLIYNRMGAVTT""EVAFGLVCATCEQIADSQHRSHRQMVATTNPLIRHENRMVLASTTAKAMEQMAGSSEQAAEAMEIASQAR""QMVQAMRAIGTHPSSSAGLKDDLLENLQTYQKRMGVQMQRFK"
Asia,>ATY73876 A/Aktobe/3/2015 2015// M1,"MSLLTEVETYVLSIVPSGPLKAEIAQRIEDVFAGKNTDLEALMEWLKTRPILSPLTKGVLGFVFTLTVPS""ERGLQRRRFVQNALNGNGDPNNMDRAVKLYKKLKREITFHGAKEVALSYSTGALASCMGLIYNRMGTVTT""EVALGLVCATCEQIADSHHRSHRQMVTTTNPLIRHENRMVLASTTAKAMEQMAGSSEQAAEAMEVASQAR""QMIQAMRTIGTHPSSSAGLKDDLLENLQAYQKRMGVQLQRFK"
Asia,>APC57892 A/Alchi/2/1968 1968// M1,"MSLLTEVETYVLSIVPSGPLKAEIAQRLEDVFAGKNTDLEVLMEWLKTRPILSPLTKGILGFVFTLTVPS""ERGLQRRRFVQNALNGNGDPNNMDKAVKLYRKLKREITFHGAKEIALSYSAGALASCMGLIYNRMGAVTT""EVAFGLVCATCEQIADSQHRSHRQMVTTTNPLIRHENRMVLASTTAKAMEQMAGSSEQAAEAMEVASQAR""QMVQAMRAIGTHPSSSAGLKDDLLENLQAYQKRMGVQMQRFK"
Asia,>ACU56932 A/Almati/01/2009 2009// M1,"MSLLTEVETYVLSIIPSGPLKAEIAQRLESVFAGKNTDLEALMEWLKTRPILSPLTKGILGFVFTLTVPS""ERGLQRRRFVQNALNGNGDPNNMDRAVKLYKKLKREITFHGAKEVSLSYSTGALASCMGLIYNRMGTVTT""EAAFGLVCATCEQIADSQHRSHRQMATTTNPLIRHENRMVLASTTAKAMEQMAGSSEQAAEAMEVANQTR""QMVHAMRTIGTHPSSSAGLKDDLLENLQAYQKRMGVQMQRFK"
Asia,>ACR49323 A/Amagasaki/1/2009 2009// M1,"MSLLTEVETYVLSIIPSGPLKAEIAQRLESVFAGKNTDLEALMEWLKTRPILSPLTKGILGFVFTLTVPS""ERGLQRRRFVQNALNGNGDPNNMDRAVKLYKKLKREITFHGAKEVSLSYSTGALASCMGLIYNRMGTVTT""EAAFGLVCATCEQIADSQHRSHRQMATTTNPLIRHENRMVLASTTAKAMEQMAGSSEQAAEAMEVANQTR""QMVHAMRTIGTHPSSSAGLKDDLLENLQAYQKRMGVQMQRFK"
Asia,>ACR49325 A/Amagasaki/2/2009 2009// M1,"MSLLTEVETYVLSIIPSGPLKAEIAQRLESVFAGKNTDLEALMEWLKTRPILSPLTKGILGFVFTLTVPS""ERGLQRRRFVQNALNGNGDPNNMDRAVKLYKKLKREITFHGAKEVSLSYSTGALASCMGLIYNRMGTVTT""EAAFGLVCATCEQIADSQHRSHRQMATTTNPLIRHENRMVLASTTAKAMEQMAGSSEQAAEAMEVANQTR""QMVHAMRTIGTHPSSSAGLKDDLLENLQAYQKRMGVQMQRFK"
Asia,>ALM04482 A/Amman/1514A01004462T/2012 2012/01/11 M1,"MSLLTEVETYVLSIVPSGPLKAEIAQRLEDVFAGKNTDLEALMEWLKTRPILSPLTKGILGFVFTLTVPS""ERGLQRRRFVQNALNGNGDPNNMDKAVKLYRKLKREITFHGAKEIALSYSAGALASCMGLIYNRMGAVTT""EVAFGLVCATCEQIADSQHRSHRQMVATTNPLIKHENRMVLASTTAKAMEQMAGSSEQAAEAMEIASQAR""QMVQAMRAIGTHPSSSTGLRDDLLENLQTYQKRMGVQMQRFK"
Asia,>ALM04484 A/Amman/1514A01004465T/2011 2011/12/05 M1,"MSLLTEVETYVLSIVPSGPLKAEIAQRLEDVFAGKNTDLEALMEWLKTRPILSPLTKGILGFVFTLTVPS""ERGLQRRRFVQNALNGNGDPNNMDKAVKLYRKLKREITFHGAKEIALSYSAGALASCMGLIYNRMGAVTT""EVAFGLVCATCEQIADSQHRSHRQMVATTNPLIKHENRMVLASTTAKAMEQMAGSSEQAAEAMEIASQAR""QMVQAMRAIGTHPSSSTGLRDDLLENLQTYQKRMGVQMQRFK"
Asia,>ADE46353 A/Anhui Baohe/1514/2008 2008/10/23 M1,"PLKAEIAQRLEDVFAGKNTDLEALMEWLKTRPILSPLTKGILGFVFTLTVPSERGLQRRRFVQNALNGNG""DPNNMDRAVKLYRKLKREITFHGAKEIALSYSAGALASCMGLIYNRMGAVTTESAFGLICATCEQIADSQ""HKSHRQMVTTTNPLIRHENRMVLASTTAKAMEQMAGSSEQAAEAMEVANQARQMVQAMRAIGTHPSSSTG""LKNDLLDNLQAYQKRMGVQMQRFK"
Asia,>ADE47515 A/Anhui-Baohe/1104/2007 2007/02/06 M1,"PLKAEIAQRLEDVFAGKNTDLEALMEWLKTRPILSPLTKGILGFVFTLTVPSERGLQRRRFVQNALNGNG""DPNNMDKAVKLYRKLKREITFHGAKEIALSYSAGALASCMGLIYNRMGAVTTEVAFGLVCATCEQIADSQ""HRSHRQMVATTNPLIRHENRMVLASTTAKAMEQMAGSSEQAAEAMEIASQARQMVQAMRAIGTHPSSSTG""LRDDLLENLQTYQKRMGVQMQRFK"
Asia,>ADE47519 A/Anhui-Baohe/1169/2007 2007/02/12 M1,"PLKAEIAQRLEDVFAGKNTDLEALMEWLKTRPILSPLTKGILGFVFTLTVPSERGLQRRRFVQNALNGNG""DPNNMDKAVKLYRKLKREITFHGAKEIALSYSAGALASCMGLIYNRMGAVTTEVAFGLVCATCEQIADSQ""HRSHRQMVATTNPLIRHENRMVLASTTAKAMEQMAGSSEQAAEAMEIASQARQMVQAMRAIGTHPSSSTG""LRDDLLENLQTYQKRMGVQMQRFK"
Asia,>ADE47521 A/Anhui-Baohe/1245/2007 2007/03/13 M1,"PLKAEIAQRLEDVFAGKNTDLEALMEWLKTRPILSPLTKGILGFVFTLTVPSERGLQRRRFVQNALNGNG""DPNNMDKAVKLYRKLKREITFHGAKEIALSYSAGALASCMGLIYNRMGAVTTEVAFGLVCATCEQIADSQ""HRSHRQMVATTNPLIRHENRMVLASTTAKAMEQMAGSSEQAAEAMEIASQARQMVQAMRAIGTHPSSSTG""LRDDLLENLQTYQKRMGVQMQRFK"
Asia,>ADE47523 A/Anhui-Baohe/1267/2007 2007/04/05 M1,"PLKAEIAQRLEDVFAGKNTDLEALMEWLKTRPILSPLTKGILGFVFTLTVPSERGLQRRRFVQNALNGNG""DPNNMDKAVKLYRKLKREITFHGAKEIALSYSAGALASCMGLIYNRMGAVTTEVAFGLVCATCEQIADSQ""HRSHRQMVATTNPLIRHENRMVLASTTAKAMEQMAGSSEQAAEAMEIANQARQMVQAMRAIGTHPSSSTG""LRDDLLENLQTYQKRMGVQMQRFK"
Asia,>ADE47525 A/Anhui-Baohe/1269/2007 2007/04/03 M1,"PLKAEIAQRLEDVFAGKNTDLEALMEWLKTRPILSPLTKGILGFVFTLTVPSERGLQRRRFVQNALNGNG""DPNNMDKAVKLYRKLKREITFHGAKEIALSYSAGALASCMGLIYNRMGAVTTEVAFGLVCATCEQIADSQ""HRSHRQMVATTNPLIRHENRMVLASTTAKAMEQMAGSSEQAAEAMEIASQARQMVQAMRAIGTHPSSSTG""LRDDLLENLQTYQKRMGVQMQRFK"""
Europe,>ADX98961 A/Aalborg/INS132/2009 2009/11/23 M1,"MSLLTEVETYVLSIIPSGPLKAEIAQRLESVFAGKNTDLEALMEWLKTRPILSPLTKGILGFVFTLTVPS""ERGLQRRRFVQNALNGNGDPNNMDRAVKLYKKLKREITFHGAKEVSLSYSTGALASCMGLIYNRMGTVTT""EAAFGLVCATCEQIADSQHRSHRQMATTTNPLIRHENRMVLASTTAKAMEQMAGSSEQAAEAMEVANQTR""QMVHAMRTIGTHPSSSAGLKDDLLENLQAYQKRMGVQMQRFK"
Europe,>AFG99062 A/Amsterdam/1609/1977 1977// M1,"MSLLTEVETYVLSIVPSGPLKAEIAQRLEDVFAGKNTDLEALMEWLKTRPILSPLTKGILGFVFTLTVPS""ERGLQRRRFVQNALNGNGDPNNMDRAVKLYRKLKREITFHGAKEIALSYSAGALASCMGLIYNRMGAVTT""EVAFGLVCATCEQIADSQHRSHRQMVATTNPLIRHENRMVLASTTAKAMEQMAGSSEQAAEAMEVASQAR""QMVQAMRAIGTHPSSSAGLKDDLLENLQAYQKRMGVQMQRFK"
Europe,>ACT67187 A/Andalucia/GP151/2009 2009/04/28 M1,"MSLLTEVETYVLSIIPSGPLKAEIAQRLESVFAGKNTDLEALMEWLKTRPILSPLTKGILGFVFTLTVPS""ERGLQRRRFVQNALNGNGDPNNMDRAVKLYKKLKREITFHGAKEVSLSYSTGALASCMGLIYNRMGTVTT""EAAFGLVCATCEQIADSQHRSHRQMATTTNPLIRHENRMVLASTTAKAMEQMAGSSEQAAEAMEVANQTR""QMVHAMRTIGTHPSSSAGLKDDLLENLQAYQKRMGVQMQRFK"
Europe,>ADK32638 A/Antwerp/INS221/2009 2009/10/28 M1,"MSLLTEVETYVLSIIPSGPLKAEIAQRLESVFAGKNTDLEALMEWLKTRPILSPLTKGILGFVFTLTVPS""ERGLQRRRFVQNALNGNGDPNNMDRAVKLYKKLKREITFHGAKEVSLSYSTGALASCMGLIYNRMGTVTT""EAAFGLVCATCEQIADSQHRSHRQMATTTNPLIRHENRMVLASTTAKAMEQMAGSSEQAAEAMEVANQTR""QMVHAMRTIGTHPSSSAGLKDDLLENLQAYQKRMGVQMQRFK"
Europe,>AOO54004 A/Arkhangelsk/CRIE-109/2016 2016/01/14 M1,"MSLLTEVETYVLSIIPSGPLKAEIAQRLESVFAGKNTDLEALMEWLKTRPILSPLTKGILGFVFTLTVPS""ERGLQRRRFIQNALNGNGDPNNMDRAVKLYKKLKREITFHGAKEVSLSYSTGALASCMGLIYNRMGTVTT""EAAFGLVCATCEQIADSQHRSHRQMATTTNPLIRHENRMVLASTTAKAMEQVAGSSEQAAEAMEVANKTR""QMVHAMRTIGTHPSSSAGLRDDLLENLQAYQKRMGVQMQRFK"
Europe,>ACR61572 A/Athens/793/2009 2009/05/28 M1,"MSLLTEVETYVLSIIPSGPLKAEIAQRLESVFAGKNTDLEALMEWLKTRPILSPLTKGILGFVFTLTVPS""ERGLQRRRFVQNALNGNGDPNNMDRAVKLYKKLKREITFHGAKEVSLSYSTGALASCMGLIYNRMGTVTT""EAAFGLVCATCEQIADSQHRSHRQMATTTNPLIRHENRMVLASTTAKAMEQMAGSSEQAAEAMEVANQTR""QMVHAMRTIGTHPSSSAGLKDDLLENLQAYQKRMGVQMQRFK"
Europe,>ABY75038 A/Baden-Wuerttemberg/129/2003 2003// M1,"MSLLTEVETYVLSIVPSGPLKAEIAQRLEDVFAGKNTDLEALMEWLKTRPILSPLTKGILGFVFTLTVPS""ERGLQRRRFVQNALNGNGDPNNMDKAVKLYRKLKREITFHGAKEIALSYSAGALASCMGLIYNRMGAVTT""EVAFGLVCATCEQIADSQHRSHRQMVATTNPLIKHENRMVLASTTAKAMEQMAGSSEQAAEAMEIASQAR""QMVQAMRTVGTHPSSSTGLRDDLLENLQTYQKRMGVQMQRFK"
Europe,>QED14369 A/Basel/USB001429.7/2016 2016/12/23 M1,"MSLLTEVETYVLSIVPSGPLKAEIAQRLEDVFAGKNTDLEALMEWLKTRPILSPLTKGILGFVFTLTVPS""ERGLQRRRFVQNALNGNGDPNNMDKAVKLYRKLKREITFHGAKEIALSYSAGALASCMGLIYNRMGAVTT""EVAFGLVCATCEQIADSQHRSHRQMVATTNPLIKHENRMVLASTTAKAMEQMAGSSEQAAEAMEIASQAR""QMVQAMRAIGTHPSSSTGLRDDLLENLQTYQKRMGVQMQRFK"
Europe,>QCP66692 A/Belgium/8727/2019 2019/02/05 M1,"MSLLTEVETYVLSIIPSGPLKAEIAQRLESVFAGKNTDLEALMEWLKTRPILSPLTKGILGFVFTLTVPS""ERGLQRRRFIQNALNGNGDPNNMDRAVKLYKKLKREITFHGAKEVSLSYSTGALASCMGLIYNRMGTVTT""EAAFGLVCATCEQIADSQHRSHRQMATTTNPLIRHENRMVLASTTAKAMEQVAGSSEQAAEAMEVANKTR""QMVHAMRTIGTHPSSSAGLRDDLLENLQAYQKRMGVQMQRFK"
Europe,>ADM33131 A/Belgrade/WRAIR2368N/2009 2009/11/18 M1,"MSLLTEVETYVLSIIPSGPLKAEIAQRLESVFAGKNTDLEALMEWLKTRPILSPLTKGILGFVFTLTVPS""ERGLQRRRFVQNALNGNGDPNNMDRAVKLYKKLKREITFHGAKEVSLSYSTGALASCMGLIYNRMGTVTT""EAAFGLVCATCEQIADSQHRSHRQMATTTNPLIRHENRMVLASTTAKAMEQMAGSSEQAAEAMEVANQTR""QMVHAMRTIGTHPSSSAGLKDDLLENLQAYQKRMGVQMQRFK"
Europe,>ADI49383 A/Berlin/INS170/2009 2009/12/11 M1,"MSLLTEVETYVLSIIPSGPLKAEIAQRLESVFAGKNTDLEALMEWLKTRPILSPLTKGILGFVFTLTVPS""ERGLQRRRFVQNALNGNGDPNNMDRAVKLYKKLKREITFHGAKEVSLSYSTGALASCMGLIYNRMGTVTT""EAAFGLVCATCEQIADSQHRSHRQMATTTNPLIRHENRMVLASTTAKAMEQMAGSSEQAAEAMEVANQTR""QMVHAMRTIGTHPSSSAGLKDDLLENLQAYQKRMGVQMQRFK"
Europe,>AFG99139 A/Bilthoven/10684/1982 1982// M1,"MSLLTEVETYVLSIVPSGPLKAEIAQRLEDVFAGKNTDLEALMEWLKTRPILSPLTKGILGFVFTLTVPS""ERGLQRRRFVQNALNGNGDPNNMDRAVKLYRKLKREITFHGAKEIALSYSAGALASCMGLIYNRMGAVTT""EVAFGLVCATCEQIADSQHRSHRQMVATTNPLIRHENRMVLASTTAKAMEQMAGSSEQAAEAMEVASQAR""QMVQAMRAIGTHPSSSAGLKDDLLENLQTYQKRMGVQMQRFK"
Europe,>ADU02804 A/Bucuresti/273/2009 2009/01/29 M1,IASQARQMVQAMRAIGTHPSSSTGLRDDLLENLQTYQKRMGVQMQRFK
Europe,>ALM04516 A/Budapest/1514A07805419T/2013 2013/02/05 M1,"MSLLTEVETYVLSIVPSGPLKAEIAQRLEDVFAGKNTDLEALMEWLKTRPILSPLTKGILGFVFTLTVPS""ERGLQRRRFVQNALNGNGDPNNMDKAVKLYRKLKREITFHGAKEIALSYSAGALASCMGLIYNRMGAVTT""EVAFGLVCATCEQIADSQHRSHRQMVATTNPLIKHENRMVLASTTAKAMEQMAGSSEQAAEAMEIASQAR""QMVQAMRAIGTHPSSSTGLRDDLLENLQTYQKRMGVQMQRFK"
Europe,>ACR10200 A/Catalonia/122/2009 2009/05/01 M1,"AEIAQRLESVFAGKNTDLEALMEWLKTRPILSPLTKGILGFVFTLTVPSERGLQRRRFVQNALNGNGDPN""NMDRAVKLYKKLKREITFHGAKEVSLSYSTGALASCMGLIYNRMGTVTTEAAFGLVCATCEQIADSQHRS""HRQMATTTNPLIRHENRMVLASTTAKAMEQMAGSSEQAAEAMEVANQTRQMVHAMRTIGTHPSSSAGLKD""DLLENLQAYQKRMGVQMQRFK"
Europe,>ACI25725 A/Czech Republic/1/1966 1966// M1,"MSLLTEVETYVLSIVPSGPLKAEIAQRLEDVFAGKNTDLEALMEWLKTRPILSPLTKGILGFVFTLTVPS""ERGLQRRRFVQNALNGNGDPNNMDRAVKLYRKLKREITFHGAKEIALSYSAGALASCMGLIYNRMGAVTT""EVAFGLVCATCEQIADSQHRSHRQMVTTTNPLIRHENRMVLASTTAKAMEQMAGSSEQAAEAMEVASQAR""QMVQAMRAIGTHPSSSAGLKDDLLENLQAYQKRMGVQMQRFK"
Europe,>CRX62672 A/England/01180011/2010 2010/03/18 M1,"MSLLTEVETYVLSIIPSGPLKAEIAQRLESVFAGKNTDLEALMEWLKTRPILSPLTKGILGFVFTLTVPS""ERGLQRRRFVQNALNGNGDPNNMDRAVKLYKKLKREITFHGAKEVSLSYSTGALASCMGLIYNRMGTVTT""EAAFGLVCATCEQIADSQHRSHRQMATTTNPLIKHENRMVLASTTAKAMEQMAGSSEQAAEAMEVANQTR""QMVHAMRTIGTHPSSSAGLKDDLLENLQAYQKRMGVQMQRFK"
Europe,>AIT16814 A/Finland/80/2014 2014/02/11 M1,"MSLLTEVETYVLSIIPSGPLKAEIAQRLESVFAGKNTDLEALMEWLKTRPILSPLTKGILGFVFTLTVPS""ERGLQRRRFIQNALNGNGDPNNMDRAVKLYKKLKREITFHGAKEVSLSYSTGALASCMGLIYNRMGTVTT""EAAFGLVCATCEQIADSQHRSHRQMATTTNPLIRHENRMVLASTTAKAMEQVAGSSEQAAEAMEVANQTR""QMVHAMRTIGTHPSSSAGLRDDLLENLQAYQKRMGVQMQRFK"
Europe,>AZN23200 A/France/180130-1/2018 2018/01/22 M1,"MSLLTEVETYVLSIIPSGPLKAEIAQRLESVFAGKNTDLEALMEWLKTRPILSPLTKGILGFVFTLTVPS""ERGLQRRRFIQNALNGNGDPNNMDRAVKLYKKLKREITFHGAKEVSLSYSTGALASCMGLIYNRMGTVTT""EAAFGLVCATCEQIADSQHRSHRQMATTTNPLIRHENRMVLASTTAKAMEQVAGSSEQAAEAMEVANKTR""QMVHAMRTIGTHPSSSAGLRDDLLENLQAYQKRMGVQMQRFK"
Europe,>ADJ41784 A/Gdansk/037/2009 2009/11/20 M1,"MSLLTEVETYVLSIIPSGPLKAEIAQRLESVFAGKNTDLEALMEWLKTRPILSPLTKGILGFVFTLTVPS""ERGLQRRRFVQNALNGNGDPNNMDRAVKLYKKLKREITFHGAKEVSLSYSTGALASCMGLIYNRMGTVTT""EAAFGLVCATCEQIADSQHRSHRQMATTTNPLIRHENRMVLASTTAKAMEQMAGSSEQAAEAMEVANQTR""QMVHAMRTIGTHPSSSAGLKDDLLENLQAYQKRMGVQMQRFK"""
Oceania,>ABA26778 A/Ashburton/280/2004 2004/10/12 M1,"MSLLTEVETYVLSIVPSGPLKAEIAQRLEDVFAGKNTDLEALMEWLKTRPILSPLTKGILGFVFTLTVPS""ERGLQRRRFVQNALNGNGDPNNMDKAVKLYRKLKREITFHGAKEIALSYSAGALASCMGLIYNRMGAVTT""EVAFGLVCATCEQIADSQHRSHRQMVATTNPLIKHENRMVLASTTAKAMEQMAGSSEQAAEAMEIASQAR""RMVQAMRAVGTHPSSSTGLRDDLLENLQTYQKRMGVQMQRFK"
Oceania,>ACQ42241 A/Auckland/1/2009 2009/04/25 M1,"QRLESVFAGKNTDLEALMEWLKTRPILSPLTKGILGFVFTLTVPSERGLQRRRFVQNALNGNGDPNNMDR""AVKLYKKLKREITFHGAKEVSLSYSTGALASCMGLIYNRMGTVTTEAAFGLVCATCEQIADSQHRSHRQM""ATTTNPLIRHENRMVLASTTAKAMEQMAGSSEQAAEAMEVANQTRQMVHAMRTIGTHPSSSAGLKDDLLE""NLQAYQKRMGVQMQRFK"
Oceania,>AFH00528 A/Auckland/10/1997 1997/08/01 M1,"MSLLTEVETYVLSIVPSGPLKAEIAQRLEDVFAGKNTDLEALMEWLKTRPILSPLTKGILGFVFTLTVPS""ERGLQRRRFVQNALNGNGDPNNMDKAVKLYRKLKREITFHGAKEIALSYSAGALASCMGLIYNRMGAVTT""EVAFGLVCATCEQIADSQHRSHRQMVATTNPLIRHENRMVLASTTAKAMEQMAGSSEQAAEAMEIASQAR""QMVQAMRAVGTHPSSSTGLRDDLLENLQTYQKRMGVQMQRFK"
Oceania,>ACD37470 A/Auckland/16/2007 2007/06/27 M1,"MSLLTEVETYVLSIVPSGPLKAEIAQRLEDVFAGKNTDLEALMEWLKTRPILSPLTKGILGFVFTLTVPS""ERGLQRRRFVQNALNGNGDPNNMDRAVKLYRKLKREITFHGAKEIALSYSAGALASCMGLIYNRMGAVTT""ESAFGLICATCEQIADSQHKSHRQMVTTTNPLIRHENRMVLASTTAKAMEQMAGSSEQAAEAMEVASQAR""QMVQAMRAIGTHPSSSTGLKNDLLENLQAYQKRMGVQMQRFK"
Oceania,>ACQ42238 A/Auckland/2/2009 2009/04/24 M1,"MSLLTEVETYVLSIIPSGPLKAEIAQRLESVFAGKNTDLEALMEWLKTRPILSPLTKGILGFVFTLTVPS""ERGLQRRRFVQNALNGNGDPNNMDRAVKLYKKLKREITFHGAKEVSLSYSTGALASCMGLIYNRMGTVTT""EAAFGLVCATCEQIADSQHRSHRQMATTTNPLIRHENRMVLASTTAKAMEQMAGSSEQAAEAMEVANQTR""QMVHAMRTIGTHPSSSAGLKDDLLENLQAYQKRMGVQMQRFK"
Oceania,>ACQ42236 A/Auckland/3/2009 2009/04/25 M1,"MSLLTEVETYVLSIIPSGPLKAEIAQRLESVFAGKNTDLEALMEWLKTRPILSPLTKGILGFVFTLTVPS""ERGLQRRRFVQNALNGNGDPNNMDRAVKLYKKLKREITFHGAKEVSLSYSTGALASCMGLIYNRMGTVTT""EAAFGLVCATCEQIADSQHRSHRQMATTTNPLIRHENRMVLASTTAKAMEQMAGSSEQAAEAMEVANQTR""QMVHAMRTIGTHPSSSAGLKDDLLENLQAYQKRMGVQMQRFK"
Oceania,>ACS16449 A/Auckland/4/2009 2009/04/ M1,"SLLTEVETYVLSIIPSGPLKAEIAQRLESVFAGKNTDLEALMEWLKTRPILSPLTKGILGFVFTLTVPSE""RGLQRRRFVQNALNGNGDPNNMDRAVKLYKKLKREITFHGAKEVSLSYSTGALASCMGLIYNRMGTVTTE""AAFGLVCATCEQIADSQHRSHRQMATTTNPLIRHENRMVLASTTAKAMEQMAGSSEQAAEAMEVANQTRQ""MVHAMRTIGTHPSSSAGLKDDLLENLQAYQKRMGVQMQRFK"
Oceania,>AFG72052 A/Auckland/4382/1982 1982// M1,"MSLLTEVETYVLSIVPSGPLKAEIAQRLEDVFAGKNTDLEALMEWLKTRPILSPLTKGILGFVFTLTVPS""ERGLQRRRFVQNALNGNGDPNNMDRAVKLYRKLKREITFHGAKEIALSYSAGALASCMGLIYNRMGAVTT""EVAFGLVCATCEQIADSQHRSHRQMVATTNPLIRHENRMVLASTTAKAMEQMAGSSEQAAEAMEVASQAR""QMVQAMRAIGTHPSSSAGLKDDLLENLQTYQKRMGVQMQRFK"
Oceania,>ABR15886 A/Auckland/579/2000 2000/08/30 M1,"MSLLTEVETYVLSIVPSGPLKAEIAQRLEDVFAGKNTDLEALMEWLKTRPILSPLTKGILGFVFTLTVPS""ERGLQRRRFVQNALNGNGDPNNMDRAVKLYRKLKREITFHGAKEIALSYSAGALASCMGLIYNRMGAVTT""ESAFGLICATCEQIADSQHKSHRQMVTTTNPLIRHENRMVLASTTAKAMEQMAGSSEQAAEAMEVASQAR""QMVQAMRAIGTHPSSSTGLKNDLLENLQAYQKRMGVQMQRFK"
Oceania,>ABR15897 A/Auckland/580/2000 2000/09/06 M1,"MSLLTEVETYVLSIIPSGPLKAEIAQRLEDVFAGKNTDLEALMEWLKTRPILSPLTKGILGFVFTLTVPS""ERGLQRRRFVQNALNGNGDPNNMDRAVKLYRKLKREITFHGAKEIALSYSAGALASCMGLIYNRMGAVTT""ESAFGLICATCEQIADSQHKSHRQMVTTTNPLIRHENRMVLASTTAKAMEQMAGSSEQAAEAMEVASQAR""QMVQAMRAIGTHPSSSTGLKNDLLENLQAYQKRMGVQMQRFK"
Oceania,>ABR15908 A/Auckland/581/2000 2000/09/05 M1,"MSLLTEVETYVLSIVPSGPLKAEIAQRLEDVFAGKNTDLEALMEWLKTRPILSPLTKGILGFVFTLTVPS""ERGLQRRRFVQNALNGNGDPNNMDRAVKLYRKLKREITFHGAKEIALSYSAGALASCMGLIYNRMGAVTT""ESAFGLICATCEQIADSQHKSHRQMVTTTNPLIRHENRMVLASTTAKAMEQMAGSSEQAAEAMEVASQAR""QMVQAMRAIGTHPSSSTGLKNDLLENLQAYQKRMGVQMQRFK"
Oceania,>ABR15919 A/Auckland/582/2000 2000/11/09 M1,"MSLLTEVETYVLSIVPSGPLKAEIAQRLEDVFAGKNTDLEALMEWLKTRPILSPLTKGILGFVFTLTVPS""ERGLQRRRFVQNALNGNGDPNNMDRAVKLYRKLKREITFHGAKEIALSYSAGALASCMGLIYNRMGAVTT""ESAFGLICATCEQIADSQHKSHRQMVTTTNPLIRHENRMVLASTTAKAMEQMAGSSEQAAEAMEVASQAR""QMVQAMRAIGTHPSSSTGLKNDLLENLQAYQKRMGVQMQRFK"
Oceania,>ABU80178 A/Auckland/583/2000 2000/02/12 M1,"MSLLTEVETYVLSIVPSGPLKAEIAQRLEDVFAGKNTDLEALMEWLKTRPILSPLTKGILGFVFTLTVPS""ERGLQRRRFVQNALNGNGDPNNMDKAVKLYRKLKREITFHGAKEIALSYSAGALASCMGLIYNRMGAVTT""EVAFGLVCATCEQIADSQHRSHRQMVATTNPLIKHENRMVLASTTAKAMEQMAGSSEQAAEAMEIASQAR""QMVQAMRTVGTHPSSSTGLRDDLLENLQTYQKRMGVQMQRFK"
Oceania,>ABU80299 A/Auckland/584/2000 2000/09/13 M1,"MSLLTEVETYVLSIVPSGPLKAEIAQRLEDVFAGKNTDLEALMEWLKTRPILSPLTKGILGFVFTLTVPS""ERGLQRRRFVQNALNGNGDPNNMDRAVKLYRKLKREITFHGAKEIALSYSAGALASCMGLIYNRMGAVTT""ESAFGLICATCEQIADSQHKSHRQMVTTTNPLIRHENRMVLASTTAKAMEQMAGSSEQAAEAMEVASQAR""QMVQAMRAIGTHPSSSTGLKNDLLENLQAYQKRMGVQMQRFK"
Oceania,>ABV45850 A/Auckland/585/2000 2000/09/15 M1,"MSLLTEVETYVLSIVPSGPLKAEIAQRLEDVFAGKNTDLEALMEWLKTRPILSPLTKGILGFVFTLTVPS""ERGLQRRRFVQNALNGNGDPNNMDRAVKLYRKLKREITFHGAKEIALSYSAGALASCMGLIYNRMGAVTT""ESAFGLICATCEQIADSQHKSHRQMVTTTNPLIRHENRMVLASTTAKAMEQMAGSSEQAAEAMEVASQAR""QMVQAMRAIGTHPSSSTGLKNDLLENLQAYQKRMGVQMQRFK"
Oceania,>ABR28769 A/Auckland/586/2000 2000/09/20 M1,"MSLLTEVETYVLSIVPSGPLKAEIAQRLEDVFAGKNTDLEALMEWLKTRPILSPLTKGILGFVFTLTVPS""ERGLQRRRFVQNALNGNGDPNNMDRAVKLYRKLKREITFHGAKEIALSYSAGALASCMGLIYNRMGAVTT""ESAFGLICATCEQIADSQHKSHRQMVTTTNPLIRHENRMVLASTTAKAMEQMAGSSEQAAEAMEVASQAR""QMVQAMRAIGTHPSSSTGLKNDLLENLQAYQKRMGVQMQRFK"
Oceania,>ABR28780 A/Auckland/587/2000 2000/09/19 M1,"MSLLTEVETYVLSIVPSGPLKAEIAQRLEDVFAGKNTDLEALMEWLKTRPILSPLTKGILGFVFTLTVPS""ERGLQRRRFVQNALNGNGDPNNMDRAVKLYRKLKREITFHGAKEIALSYSAGALASCMGLIYNRMGAVTT""ESAFGLICATCEQIADSQHKSHRQMVTTTNPLIRHENRMVLASTTAKAMEQMAGSSEQAAEAMEVASQAR""QMVQAMRAIGTHPSSSTGLKNDLLENLQAYQKRMGVQMQRFK"
Oceania,>ABR28791 A/Auckland/588/2000 2000/09/25 M1,"MSLLTEVETYVLSIVPSGPLKAEIAQRLEDVFAGKNTDLEALMEWLKTRPILSPLTKGILGFVFTLTVPS""ERGLQRRRFVQNALNGNGDPNNMDKAVKLYRKLKREITFHGAKEIALSYSAGALASCMGLIYNRMGAVTT""EVAFGLVCATCEQIADSQHRSHRQMVATTNPLIKHENRMVLASTTAKAMEQMAGSSEQAAEAMEIASQAR""QMVQAMRTVGTHPSSSTGLRDDLLENLQTYQKRMGVQMQRFK"
Oceania,>ABS49966 A/Auckland/589/2000 2000/09/28 M1,"MSLLTEVETYVLSIVPSGPLKAEIAQRLEDVFAGKNTDLEALMEWLKTRPILSPLTKGILGFVFTLTVPS""ERGLQRRRFVQNALNGNGDPNNMDKAVKLYRKLKREITFHGAKEIALSYSAGALASCMGLIYNRMGAVTT""EVAFGLVCATCEQIADSQHRSHRQMVATTNPLIKHENRMVLASTTAKAMEQMAGSSEQAAEAMEIASQAR""QMVQAMRTVGTHPSSSTGLRDDLLENLQTYQKRMGVQMQRFK"
Oceania,>ABR28802 A/Auckland/590/2000 2000/09/26 M1,"MSLLTEVETYVLSIVPSGPLKAEIAQRLEDVFAGKNTDLEALMEWLKTRPILSPLTKGILGFVFTLTVPS""ERGLQRRRFVQNALNGNGDPNNMDRAVKLYRKLKREITFHGAKEIALSYSAGALASCMGLIYNRMGAVTT""ESAFGLICATCEQIADSQHKSHRQMVTTTNPLIRHENRMVLASTTAKAMEQMAGSSEQAAEAMEVASQAR""QMVQAMRAIGTHPSSSTGLKNDLLENLQAYQKRMGVQMQRFK"""
NAmerica,>ABP49328 A/AA/Huston/1945 1945// M1,"MSLLTEVETYVLSIVPSGPLKAEIAQRLEDVFAGKNTDLEALMEWLKTRPILSPLTKGILGFVFTLTVPS""ERGLQRRRFVQNALNGNGDPNNMDRAVKLYRKLKREITFHGAKEIALSYSAGALASCMGLIYNRMGAVTT""EVAFGLVCATCEQIADSQHRSHRQMVTTTNPLIRHENRMVLASTTAKAMEQMAGSSEQAAEAMEVASQAR""QMVQAMRTIGTHPSSSAGLKDDLLENLQAYQKRMGVQMQRFK"
NAmerica,>ABO38055 A/AA/Marton/1943 1943// M1,"MSLLTEVETYVLSIVPSGPLKAEIAQRLEDVFAGKNTDLEALMEWLKTRPILSPLTKGILGFVFTLTVPS""ERGLQRRRFVQNALNGNGDPNNMDRAVKLYRKLKREITFHGAKEIALSYSAGALASCMGLIYNRMGAVTT""EVAFGLVCATCEQIADSQHRSHRQMVTTTNPLIRHENRMVLASTTAKAMEQMAGSSEQAAEAMEVASQAR""QMVQAMRAIGTHPSSSAGLKDDLLENLQAYQKRMGVQMQRFK"
NAmerica,>AGI53222 A/Alabama/01/2010 2010/01/04 M1,"MSLLTEVETYVLSIIPSGPLKAEIAQRLESVFAGKNTDLEALMEWLKTRPILSPLTKGILGFVFTLTVPS""ERGLQRRRFVQNALNGNGDPNNMDRAVKLYKKLKREITFHGAKEVSLSYSTGALASCMGLIYNRMGTVTT""EAAFGLVCATCEQIADSQHRSHRQMATTTNPLIRHENRMVLASTTAKAMEQMAGSSEQAAEAMEVANQTR""QMVHAMRTIGTHPSSSAGLKDDLLENLQAYQKRMGVQMQRFK"
NAmerica,>AGI54951 A/Alabama/01/2010 2010/01/04 M1,"MSLLTEVETYVLSIIPSGPLKAEIAQRLESVFAGKNTDLEALMEWLKTRPILSPLTKGILGFVFTLTVPS""ERGLQRRRFVQNALNGNGDPNNMDRAVKLYKKLKREITFHGAKEVSLSYSTGALASCMGLIYNRMGTVTT""EAAFGLVCATCEQIADSQHRSHRQMATTTNPLIRHENRMVLASTTAKAMEQMAGSSEQAAEAMEVANQTR""QMVHAMRTIGTHPSSSAGLKDDLLENLQAYQKRMGVQMQRFK"
NAmerica,>AGK74270 A/Alabama/01/2011 2011/01/05 M1,"MSLLTEVETYVLSIVPSGPLKAEIAQRLEDVFAGKNTDLEALMEWLKTRPILSPLTKGILGFVFTLTVPS""ERGLQRRRFVQNALNGNGDPNNMDKAVKLYRKLKREITFHGAKEIALSYSAGALASCMGLIYNRMGAVTT""EVAFGLVCATCEQIADSQHRSHRQMVATTNPLIKHENRMVLASTTAKAMEQMAGSSEQAAEAMEIASQAR""QMVQAMRAIGTHPSSSTGLRDDLLENLQTYQKRMGVQMQRFK"
NAmerica,>AGL04861 A/Alabama/01/2012 2012/01/06 M1,"MSLLTEVETYVLSIIPSGPLKAEIAQRLESVFAGKNTDLEALMEWLKTRPILSPLTKGILGFVFTLTVPS""ERGLQRRRFIQNALNGNGDPNNMDRAVKLYKKLKREITFHGAKEVSLSYSTGALASCMGLIYNRMGTVTT""EAAFGLVCATCEQIADSQHRSHRQMATTTNPLIRHENRMVLASTTAKAMEQMAGSSEQAAEAMEVANQTR""QMVHAMRTIGTHPSSSAGLKDDLLENLQAYQKRMGVQMQRFK"
NAmerica,>AKT08574 A/Alabama/01/2014 2014/01/02 M1,"MSLLTEVETYVLSIIPSGPLKAEIAQRLESVFAGKNTDLEALMEWLKTRPILSPLTKGILGFVFTLTVPS""ERGLQRRRFIQNALNGNGDPNNMDRAVKLYKKLKREITFHGAKEVSLSYSTGALASCMGLIYNRMGTVTT""EAAFGLVCATCEQIADSQHRSHRQMATTTNPLIRHENRMVLASTTAKAMEQVAGSSEQAAEAMEVANQTR""QMVHAMRTIGTHPSSSAGLRDDLLENLQAYQKRMGVQMQRFK"
NAmerica,>ALH33399 A/Alabama/01/2015 2015/01/06 M1,"MSLLTEVETYVLSIVPSGPLKAEIAQRLEDVFAGKNTDLEALMEWLKTRPILSPLTKGILGFVFTLTVPS""ERGLQRRRFVQNALNGNGDPNNMDKAVKLYRKLKREITFHGAKEIALSYSAGALASCMGLIYNRMGAVTT""EVAFGLVCATCEQIADSQHRSHRQMVATTNPLIKHENRMVLASTTAKAMEQMAGSSEQAAEAMEIASQAR""QMVQAMRAIGTHPSSSTGLRDDLLENLQTYQKRMGVQMQRFK"
NAmerica,>AOZ85738 A/Alabama/01/2016 2016/01/11 M1,"MSLLTEVETYVLSIIPSGPLKAEIAQRLESVFAGKNTDLEALMEWLKTRPILSPLTKGILGFVFTLTVPS""ERGLQRRRFIQNALNGNGDPNNMDRAVKLYKKLKREITFHGAKEVSLSYSTGALASCMGLIYNRMGTVTT""EAAFGLVCATCEQIADSQHRSHRQMATTTNPLIRHENRMVLASTTAKAMEQVAGSSEQAAEAMEVANKTR""QMVHAMRTIGTHPSSSAGLRDDLLENLQAYQKRMGVQMQRFK"
NAmerica,>ANE29022 A/Alabama/01/2016 2016/01/11 M1,"MSLLTEVETYVLSIIPSGPLKAEIAQRLESVFAGKNTDLEALMEWLKTRPILSPLTKGILGFVFTLTVPS""ERGLQRRRFIQNALNGNGDPNNMDRAVKLYKKLKREITFHGAKEVSLSYSTGALASCMGLIYNRMGTVTT""EAAFGLVCATCEQIADSQHRSHRQMATTTNPLIRHENRMVLASTTAKAMEQVAGSSEQAAEAMEVANKTR""QMVHAMRTIGTHPSSSAGLRDDLLENLQAYQKRMGVQMQRFK"
NAmerica,>AQS21145 A/Alabama/01/2017 2017/01/04 M1,"MSLLTEVETYVLSIVPSGPLKAEIAQRLEDVFAGKNTDLEALMEWLKTRPILSPLTKGILGFVFTLTVPS""ERGLQRRRFVQNALNGNGDPNNMDKAVKLYRKLKREITFHGAKEIALSYSAGALASCMGLIYNRMGAVTT""EVAFGLVCATCEQIADSQHRSHRQMVATTNPLIKHENRMVLASTTAKAMEQMAGSSEQAAEAMEIASQAR""QMVQAMRAIGTHPSSSTGLRDDLLENLQTYQKRMGVQMQRFK"
NAmerica,>AVP08355 A/Alabama/01/2018 2018/01/02 M1,"MSLLTEVETYVLSIIPSGPLKAEIAQRLESVFAGKNTDLEALMEWLKTRPILSPLTKGILGFVFTLTVPS""ERGLQRRRFIQNALNGNGDPNNMDRAVKLYKKLKREITFHGAKEVSLSYSTGALASCMGLIYNRMGTVTT""EAAFGLVCATCEQIADSQHRSHRQMATTTNPLIRHENRMVLASTTAKAMEQVAGSSEQAAEAMEVANKTR""QMVHAMRTIGTHPSSSAGLRDDLLENLQAYQKRMGVQMQRFK"
NAmerica,>QBF65516 A/Alabama/01/2019 2019/01/01 M1,"MSLLTEVETYVLSIVPSGPLKAEIAQRLEDVFAGKNTDLEALMEWLKTRPILSPLTKGILGFVFTLTVPS""ERGLQRRRFVQNALNGNGDPNNMDKAVKLYRKLKREITFHGAKEIALSYSAGALASCMGLIYNRMGAVTT""EVAFGLVCATCEQIADSQHRSHRQMVATTNPLIKHENRMVLASTTAKAMEQMAGSSEQAAEAMEIASQAR""QMVQAMRAIGTHPSSSTGLRDDLLENLQTYQKRMGVQMQRFK"
NAmerica,>QBS20537 A/Alabama/01/2019 2019/01/01 M1,"MSLLTEVETYVLSIVPSGPLKAEIAQRLEDVFAGKNTDLEALMEWLKTRPILSPLTKGILGFVFTLTVPS""ERGLQRRRFVQNALNGNGDPNNMDKAVKLYRKLKREITFHGAKEIALSYSAGALASCMGLIYNRMGAVTT""EVAFGLVCATCEQIADSQHRSHRQMVATTNPLIKHENRMVLASTTAKAMEQMAGSSEQAAEAMEIASQAR""QMVQAMRAIGTHPSSSTGLRDDLLENLQTYQKRMGVQMQRFK"
NAmerica,>QIQ44293 A/Alabama/01/2020 2020/01/12 M1,"MSLLTEVETYVLSIIPSGPLKAEIAQRLESVFAGKNTDLEALMEWLKTRPILSPLTKGILGFVFTLTVPS""ERGLQRRRFIQNALNGNGDPNNMDRAVKLYKKLKREITFHGAKEVSLSYSTGALASCMGLIYNRMGTVTT""EAAFGLVCATCEQIADSQHRSHRQMATTTNPLIRHENRMVLASTTAKAMEQVAGSSEQAAEAMEVANKTR""QMVHAMRTIGTHPSSSAGLRDDLLENLQAYQKRMGVQMQRFK"
NAmerica,>ACU13053 A/Alabama/02/2009 2009/04/27 M1,"MSLLTEVETYVLSIIPSGPLKAEIAQRLESVFAGKNTDLEALMEWLKTRPILSPLTKGILGFVFTLTVPS""ERGLQRRRFVQNALNGNGDPNNMDRAVKLYKKLKREITFHGAKEVSLSYSTGALASCMGLIYNRMGTVTT""EAAFGLVCATCEQIADSQHRSHRQMATTTNPLIRHENRMVLASTTAKAMEQMAGSSEQAAEAMEVANQTR""QMVHAMRTIGTHPSSSAGLKDDLLENLQAYQKRMGVQMQRFK"
NAmerica,>AGI52863 A/Alabama/02/2010 2010/01/23 M1,"MSLLTEVETYVLSIIPSGPLKAEIAQRLESVFAGKNTDLEALMEWLKTRPILSPLTKGILGFVFTLTVPS""ERGLQRRRFVQNALNGNGDPNNMDRAVKLYKKLKREITFHGAKEVSLSYSTGALASCMGLIYNRMGTVTT""EAAFGLVCATCEQIADSQHRSHRQMATTTNPLIRHENRMVLASTTAKAMEQMAGSSEQAAEAMEVANQTR""QMVHAMRTIGTHPSSSAGLKDDLLENLQAYQKRMGVQMQRFK"
NAmerica,>AGK73258 A/Alabama/02/2011 2011/01/04 M1,"MSLLTEVETYVLSIIPSGPLKAEIAQRLESVFAGKNTDLEALMEWLKTRPILSPLTKGILGFVFTLTVPS""ERGLQRRRFIQNALNGNGDPNNMDRAVKLYKKLKREITFHGAKEVSLSYSTGALASCMGLIYNRMGTVTT""EAAFGLVCATCEQIADSQHRSHRQMATTTNPLIRHENRMVLASTTAKAMEQMAGSSEQAAEAMEVANQTR""QMVHAMRTIGTHPSSSAGLKDDLLENLQAYQKRMGVQMQRFK"
NAmerica,>AGL07342 A/Alabama/02/2012 2012/01/21 M1,"MSLLTEVETYVLSIVPSGPLKAEIAQRLEDVFAGKNTDLEALMEWLKTRPILSPLTKGILGFVFTLTVPS""ERGLQRRRFVQNALNGNGDPNNMDKAVKLYRKLKREITFHGAKEIALSYSAGALASCMGLIYNRMGAVTT""EVAFGLVCATCEQIADSQHRSHRQMVATTNPLIKHENRMVLASTTAKAMEQMAGSSEQAAEAMEIASQAR""QMVQAMRAIGTHPSSSTGLRDDLLENLQTYQKRMGVQMQRFK"
NAmerica,>AIM39762 A/Alabama/02/2014 2014/01/14 M1,"MSLLTEVETYVLSIIPSGPLKAEIAQRLESVFAGKNTDLEALMEWLKTRPILSPLTKGILGFVFTLTVPS""ERGLQRRRFIQNALNGNGDPNNMDRAVKLYKKLKREITFHGAKEVSLSYSTGALASCMGLIYNRMGTVTT""EAAFGLVCATCEQIADSQHRSHRQMATTTNPLIRHENRMVLASTTAKAMEQVAGSSEQAAEAMEVANQTR""QMVHAMRTIGTHPSSSAGLRDDLLENLQAYQKRMGVQMQRFK"""
SAmerica,>ARI68324 A/Alegrete/LACENRS-1453/2009 2009/08/12 M1,"MSLLTEVETYVLSIIPSGPLKAEIAQRLENVFAGKNTDLEALMEWLKTRPILSPLTKGILGFVFTLTVPS""ERGLQRRRFVQNALNGNGDPNNMDRAVKLYKKLKREITFHGAKEVSLSYSTGALASCMGLIYNRMGTVTT""EAAFGLVCATCEQIADSQHRSHRQMATTTNPLIRHENRMVLASTTAKAMEQMAGSSEQAAEAMEVANQTR""QMVHAMRTIGTHPSSSAGLKDDLLENLQAYQKRMGVQMQRFK"
SAmerica,>QIL88164 A/Antofagasta/p3d1/2011 2011/08/16 M1,"MSLLTEVETYVLSIIPSGPLKAEIAQRLESVFAGKNTDLEALMEWLKTRPILSPLTKGILGFVFTLTVPS""ERGLQRRRFVQNALNGNGDPNNMDRAVKLYKKLKREITFHGAKEVSLSYSTGALASCMGLIYNRMGTVTT""EAAFGLVCATCEQIADSQHRSHRQMATTTNPLIRHENRMVLASTTAKAMEQMAGSSEQAAEAMEVANQTR""QMVHAMRTIGTHPSSSAGLKDDLLENLQAYQKRMGVQMQRFK"
SAmerica,>ADX97031 A/Arequipa/WRAIR9939F/2009 2009/07/06 M1,"MSLLTEVETYVLSIIPSGPLKAEIAQRLESVFAGKNTDLEALMEWLKTRPILSPLTKGILGFVFTLTVPS""ERGLQRRRFVQNALNGNGDPNNMDRAVKLYKKLKREITFHGAKEVSLSYSTGALASCMGLIYNRMGTVTT""EAAFGLVCATCEQIADSQHRSHRQMATTTNPLIRHENRMVLASTTAKAMEQMAGSSEQAAEAMEVANQTR""QMVHAMRTIGTHPSSSTGLKDDLLENLQAYQKRMGVQMQRFK"
SAmerica,>ADJ00485 A/Argentina/07-09GP/2009 2009/05/30 M1,"MSLLTEVETYVLSIIPSGPLKAEIAQRLESVFAGKNTDLEALMEWLKTRPILSPLTKGILGFVFTLTVPS""ERGLQRRRFVQNALNGNGDPNNMDRAVKLYKKLKREITFHGAKEVSLSYSTGALASCMGLIYNRMGTVTT""EAAFGLVCATCEQIADSQHRSHRQMATTTNPLIRHENRMVLASTTAKAMEQMAGSSEQAAEAMEVANQTR""QMVHAMRTIGTHPSSSAGLKDDLLENLQAYQKRMGVQMQRFK"
SAmerica,>ARI68371 A/Bage/LACENRS-2050/2013 2013/07/04 M1,"MSLLTEVETYVLSIVPSGPLKAEIAQRLEDVFAGKNTDLEALMEWLKTRPILSPLTKGILGFVFTLTVPS""ERGLQRRRFVQNALNGNGDPNNMDKAVKLYRKLKREITFHGAKEIALSYSAGALASCMGLIYNRMGAVTT""EVAFGLVCATCEQIADSQHRSHRQMVATTNPLIKHENRMVLASTTAKAMEQMAGSSEQAAEAMEIASQAR""QMVQAMRAIGTHPSSSTGLRDDLLENLQTYQKRMGVQMQRFK"
SAmerica,>ACU30076 A/Bogota/0466N/2009 2009/06/25 M1,"MSLLTEVETYVLSIIPSGPLKAEIAQRLESVFAGKNTDLEALMEWLKTRPILSPLTKGILGFVFTLTVPS""ERGLQRRRFVQNALNGNGDPNNMDRAVKLYKKLKREITFHGAKEVSLSYSTGALASCMGLIYNRMGTVTT""EAAFGLVCATCEQIADSQHRSHRQMATTTNPLIRHENRMVLASTTAKAMEQMAGSSEQAAEAMEVANQTR""QMVHAMRTIGTHPSSSAGLKDDLLENLQAYQKRMGVQMQRFK"
SAmerica,>AAO46701 A/Caracas/1/71 1971// M1,"MSLLTEVETYVLSIVPSGPLKAEIAQRLEDVFAGKNTDLEALMEWLKTRPILSPLTKGILGFVFTLTVPS""ERGLQRRRFVQNALNGNGDPNNMDRAVKLYRKLKREITFHGAKEIALSYSAGALASCMGLIYNRMGAVTT""EVAFGLVCATCEQIADSQHRSHRQMVATTNPLIRHENRMVLASTTAKAMEQMAGSSEQAAEAMEVASQAR""QMVQAMRAIGTHPSSSAGLKDDLLENLQAYQKRMGVQMQRFK"
SAmerica,>QDA17410 A/Chahuilco/PUC-MVL_COL062/2018 2018// M1,"MSLLTEVETYVLSIVPSGPLKAEIAQRLEDVFAGKNTDLEALMEWLKTRPILSPLTKGILGFVFTLTVPS""ERGLQRRRFVQNALNGNGDPNNMDKAVKLYRKLKREITFHGAKEIALSYSAGALASCMGLIYNRMGAVTT""EVAFGLVCATCEQIADSQHRSHRQMVATTNPLIKHENRMVLASTTAKAMEQMAGSSEQAAEAMEIASQAR""QMVQAMRAIGTHPSSSTGLRDDLLENLQTYQKRMGVQMQRFK"
SAmerica,>AAO46404 A/Cordoba/522/67 1967// M1,"MSLLTEVETYVLSIVPSGPLKAEIAQRLEDVFAGKNTDLEALMEWLKTRPILSPLTKGILGFVFTLTVPS""ERGLQRRRFVQNALNGNGDPNNMDRAVKLYRKLKREITFHGAKEIALSYSAGALASCMGLIYNRMGAVTT""EVAFGLVCATCEQIADSQHRSHRQMVTTTNPLIRHENRMVLASTTAKAMEQMAGSSEQAAEAMEVASQAR""QMVQAMRAIGTHPSSSAGLKDDLLENLQAYQKRMGVQMQRFK"
SAmerica,>ARI68906 A/Gravatai/LACENRS-2099/2014 2014/08/25 M1,"MSLLTEVETYVLSIIPSGPLKAEIAQRLESVFAGKNTDLEALMEWLKTRPILSPLTKGILGFVFTLTVPS""ERGLQRRRFIQNALNGNGDPNNMDRAVKLYKKLKREITFHGAKEVSLSYSTGALASCMGLIYNRMGTVTT""EAAFGLVCATCEQIADSQHRSHRQMATTTNPLIRHENRMVLASTTAKAMEQVAGSSEQAAEAMEVANQTR""QMVHAMRTIGTHPSSSAGLRDDLLENLQAYQKRMGVQMQRFK"
SAmerica,>AHI43221 A/Lima/070674913/2013 2013/07/ M1,"MSLLTEVETYVLSIIPSGPLKAEIAQRLESVFAGKNTDLEALMEWLKTRPILSPLTKGILGFVFTLTVPS""ERGLQRRRFIQNALNGNGDPNNMDRAVKLYKKLKREITFHGAKEVSLSYSTGALASCMGLIYNRMGTVTT""EAAFGLVCATCEQIADSQHRSHRQMATTTNPLIRHENRMVLASTTAKAMEQVAGSSEQAAEAMEVANQTR""QMVHAMRTIGTHPSSSAGLRDDLLENLQAYQKRMGVQMQRFK"
SAmerica,>AET84309 A/Medellin/WRAIR1297P/2008 2008/06/28 M1,"MSLLTEVETYVLSIIPSGPLKAEIAQRLEDVFAGKNTDLEALMEWLKTRPILSPLTKGILGFVFTLTVPS""ERGLQRRRFVQNALNGNGDPNNMDRAVKLYRKLKREITFHGAKEIALSYSAGALASCMGLIYNRMGAVTT""ESAFGLICATCEQIADSQHKSHRQMVTTTNPLIRHENRMVLASTTAKAMEQMAGSSEQAAEAMEVASQAR""QMVQAMRAIGTHPSSSTGLKNDLLENLQAYQKRMGVQMQRFK"
SAmerica,>AAO46402 A/Montevideo/2208/1967 1967// M1,"MSLLTEVETYVLSIVPSGPLKAEIAQRLEDVFAGKNTDLEALMEWLKTRPILSPLTKGILGFVFTLTVPS""ERGLQRRRFVQNALNGNGDPNNMDRAVKLYRKLKREITFHGAKEIALSYSAGALASCMGLIYNRMGAVTT""EVAFGLVCATCEQIADSQHRSHRQMVTTTNPLIRHENRMVLASTTAKAMEQMAGSSEQAAEAMEVASQAR""QMVQAMRAIGTHPSSSAGLKDDLLENLQAYQKRMGVQMQRFK"
SAmerica,>AHC61920 A/Peru/PER334/2011 2011/10/26 M1,"MSLLTEVETYVLSIVPSGPLKAEIAQRLEDVFAGKNTDLEALMEWLKTRPILSPLTKGILGFVFTLTVPS""ERGLQRRRFVQNALNGNGDPNNMDKAVKLYRKLKREITFHGAKEIALSYSAGALASCMGLIYNRMGAVTT""EVAFGLVCATCEQIADSQHRSHRQMVATTNPLIKHENRMVLASTTAKAMEQMAGSSEQAAEAMEIASQAR""QMVQAMRAIGTHPSSSTGLRDDLLENLQTYQKRMGVQMQRFK"
SAmerica,>ARI69249 A/Porto Alegre/LACENRS-1292/2011 2011/08/05 M1,"MSLLTEVETYVLSIIPSGPLKAEIAQRLESVFAGKNTDLEALMEWLKTRPILSPLTKGILGFVFTLTVPS""ERGLQRRRFIQNALNGNGDPNNMDRAVKLYKKLKREITFHGAKEVSLSYSTGALASCMGLIYNRMGTVTT""EAAFGLVCATCEQIADSQHRSHRQMATTTNPLIRHENRMVLASTTAKAMEQMAGSSEQAAEAMEVANQTR""QMVHAMRTIGTHPSSSAGLKDDLLENLQAYQKRMGVQMQRFK"
SAmerica,>AGW83242 A/Santa Cruz/0223/2011 2011/10/17 M1,"MSLLTEVETYVLSIIPSGPLKAEIAQRLESVFAGKNTDLEALMEWLKTRPILSPLTKGILGFVFTLTVPS""ERGLQRRRFIQNALNGNGDPNNMDRAVKLYKKLKREITFHGAKEVSLSYSTGALASCMGLIYNRMGTVTT""EAAFGLVCATCEQIADSQHRSHRQMATTTNPLIRHENRMVLASTTAKAMEQMAGSSEQAAEAMEVANQTR""QMVHAMRTIGTHPSSSAGLKDDLLENLQAYQKRMGVQMQRFK"
SAmerica,>QDA17221 A/Santiago/PUC-MVL_UNK015/2018 2018// M1,"MSLLTEVETYVLSIVPSGPLKAEIAQRLEDVFAGKNTDLEALMEWLKTRPILSPLTKGILGFVFTLTVPS""ERGLQRRRFVQNALNGNGDPNNMDKAVKLYRKLKREITFHGAKEIALSYSAGALASCMGLIYNRMGAVTT""EVAFGLVCATCEQIADSQHRSHRQMVATTNPLIKHENRMVLASTTAKAMEQMAGSSEQAAEAMEIASQAR""QMVQAMRAIGTHPSSSTGLRDDLLENLQTYQKRMGVQMQRFK"
SAmerica,>AIE53437 A/Santiago/p15d2/2011 2011/08/17 M1,"MSLLTEVETYVLSIIPSGPLKAEIAQRLESVFAGKNTDLEALMEWLKTRPILSPLTKGILGFVFTLTVPS""ERGLQRRRFIQNALNGNGDPNNMDRAVKLYKKLKREITFHGAKEVSLSYSTGALASCMGLIYNRMGTVTT""EAAFGLVCATCEQIADSQHRSHRQMATTTNPLIRHENRMVLASTTAKAMEQMAGSSEQAAEAMEVANQTR""QMVHAMRTIGTHPSSSAGLKDDLLENLQAYQKRMGVQMQRFK"
SAmerica,>AFM72566 A/Uruguay/716/2007 2007// M1,"MSLLTEVETYVLSIVPSGPLKAEIAQRLEDVFAGKNTDLEALMEWLKTRPILSPLTKGILGFVFTLTVPS""ERGLQRRRFVQNALNGNGDPNNMDKAVKLYRKLKREITFHGAKEIALSYSAGALASCMGLIYNRMGAVTT""EVAFGLVCATCEQIADSQHRSHRQMVATTNPLIRHENRMVLASTTAKAMEQMAGSSEQAAEAMEIASQAR""QMVQAMRAIGTHPSSSTGLRDDLLENLQTYQKRMGVQMQRFK"
SAmerica,>ARI70259 A/Vacaria/LACENRS-1312/2016 2016/04/29 M1,"MSLLTEVETYVLSIIPSGPLKAEIAQRLESVFAGKNTDLEALMEWLKTRPILSPLTKGILGFVFTLTVPS""ERGLQRRRFIQNALNGNGDPNNMDRAVKLYKKLKREITFHGAKEVSLSYSTGALASCMGLIYNRMGTVTT""EAAFGLVCATCEQIADSQHRSHRQMATTTNPLIRHENRMVLASTTAKAMEQVAGSSEQAAEAMEVANKTR""QMVHAMRTIGTHPSSSAGLRDDLLENLQAYQKRMGVQMQRFK"""
