">ADX98961 A/Aalborg/INS132/2009 2009/11/23 M1","MSLLTEVETYVLSIIPSGPLKAEIAQRLESVFAGKNTDLEALMEWLKTRPILSPLTKGILGFVFTLTVPS""ERGLQRRRFVQNALNGNGDPNNMDRAVKLYKKLKREITFHGAKEVSLSYSTGALASCMGLIYNRMGTVTT""EAAFGLVCATCEQIADSQHRSHRQMATTTNPLIRHENRMVLASTTAKAMEQMAGSSEQAAEAMEVANQTR""QMVHAMRTIGTHPSSSAGLKDDLLENLQAYQKRMGVQMQRFK"
">AFG99062 A/Amsterdam/1609/1977 1977// M1","MSLLTEVETYVLSIVPSGPLKAEIAQRLEDVFAGKNTDLEALMEWLKTRPILSPLTKGILGFVFTLTVPS""ERGLQRRRFVQNALNGNGDPNNMDRAVKLYRKLKREITFHGAKEIALSYSAGALASCMGLIYNRMGAVTT""EVAFGLVCATCEQIADSQHRSHRQMVATTNPLIRHENRMVLASTTAKAMEQMAGSSEQAAEAMEVASQAR""QMVQAMRAIGTHPSSSAGLKDDLLENLQAYQKRMGVQMQRFK"
">ACT67187 A/Andalucia/GP151/2009 2009/04/28 M1","MSLLTEVETYVLSIIPSGPLKAEIAQRLESVFAGKNTDLEALMEWLKTRPILSPLTKGILGFVFTLTVPS""ERGLQRRRFVQNALNGNGDPNNMDRAVKLYKKLKREITFHGAKEVSLSYSTGALASCMGLIYNRMGTVTT""EAAFGLVCATCEQIADSQHRSHRQMATTTNPLIRHENRMVLASTTAKAMEQMAGSSEQAAEAMEVANQTR""QMVHAMRTIGTHPSSSAGLKDDLLENLQAYQKRMGVQMQRFK"
">ADK32638 A/Antwerp/INS221/2009 2009/10/28 M1","MSLLTEVETYVLSIIPSGPLKAEIAQRLESVFAGKNTDLEALMEWLKTRPILSPLTKGILGFVFTLTVPS""ERGLQRRRFVQNALNGNGDPNNMDRAVKLYKKLKREITFHGAKEVSLSYSTGALASCMGLIYNRMGTVTT""EAAFGLVCATCEQIADSQHRSHRQMATTTNPLIRHENRMVLASTTAKAMEQMAGSSEQAAEAMEVANQTR""QMVHAMRTIGTHPSSSAGLKDDLLENLQAYQKRMGVQMQRFK"
">AOO54004 A/Arkhangelsk/CRIE-109/2016 2016/01/14 M1","MSLLTEVETYVLSIIPSGPLKAEIAQRLESVFAGKNTDLEALMEWLKTRPILSPLTKGILGFVFTLTVPS""ERGLQRRRFIQNALNGNGDPNNMDRAVKLYKKLKREITFHGAKEVSLSYSTGALASCMGLIYNRMGTVTT""EAAFGLVCATCEQIADSQHRSHRQMATTTNPLIRHENRMVLASTTAKAMEQVAGSSEQAAEAMEVANKTR""QMVHAMRTIGTHPSSSAGLRDDLLENLQAYQKRMGVQMQRFK"
">ACR61572 A/Athens/793/2009 2009/05/28 M1","MSLLTEVETYVLSIIPSGPLKAEIAQRLESVFAGKNTDLEALMEWLKTRPILSPLTKGILGFVFTLTVPS""ERGLQRRRFVQNALNGNGDPNNMDRAVKLYKKLKREITFHGAKEVSLSYSTGALASCMGLIYNRMGTVTT""EAAFGLVCATCEQIADSQHRSHRQMATTTNPLIRHENRMVLASTTAKAMEQMAGSSEQAAEAMEVANQTR""QMVHAMRTIGTHPSSSAGLKDDLLENLQAYQKRMGVQMQRFK"
">ABY75038 A/Baden-Wuerttemberg/129/2003 2003// M1","MSLLTEVETYVLSIVPSGPLKAEIAQRLEDVFAGKNTDLEALMEWLKTRPILSPLTKGILGFVFTLTVPS""ERGLQRRRFVQNALNGNGDPNNMDKAVKLYRKLKREITFHGAKEIALSYSAGALASCMGLIYNRMGAVTT""EVAFGLVCATCEQIADSQHRSHRQMVATTNPLIKHENRMVLASTTAKAMEQMAGSSEQAAEAMEIASQAR""QMVQAMRTVGTHPSSSTGLRDDLLENLQTYQKRMGVQMQRFK"
">QED14369 A/Basel/USB001429.7/2016 2016/12/23 M1","MSLLTEVETYVLSIVPSGPLKAEIAQRLEDVFAGKNTDLEALMEWLKTRPILSPLTKGILGFVFTLTVPS""ERGLQRRRFVQNALNGNGDPNNMDKAVKLYRKLKREITFHGAKEIALSYSAGALASCMGLIYNRMGAVTT""EVAFGLVCATCEQIADSQHRSHRQMVATTNPLIKHENRMVLASTTAKAMEQMAGSSEQAAEAMEIASQAR""QMVQAMRAIGTHPSSSTGLRDDLLENLQTYQKRMGVQMQRFK"
">QCP66692 A/Belgium/8727/2019 2019/02/05 M1","MSLLTEVETYVLSIIPSGPLKAEIAQRLESVFAGKNTDLEALMEWLKTRPILSPLTKGILGFVFTLTVPS""ERGLQRRRFIQNALNGNGDPNNMDRAVKLYKKLKREITFHGAKEVSLSYSTGALASCMGLIYNRMGTVTT""EAAFGLVCATCEQIADSQHRSHRQMATTTNPLIRHENRMVLASTTAKAMEQVAGSSEQAAEAMEVANKTR""QMVHAMRTIGTHPSSSAGLRDDLLENLQAYQKRMGVQMQRFK"
">ADM33131 A/Belgrade/WRAIR2368N/2009 2009/11/18 M1","MSLLTEVETYVLSIIPSGPLKAEIAQRLESVFAGKNTDLEALMEWLKTRPILSPLTKGILGFVFTLTVPS""ERGLQRRRFVQNALNGNGDPNNMDRAVKLYKKLKREITFHGAKEVSLSYSTGALASCMGLIYNRMGTVTT""EAAFGLVCATCEQIADSQHRSHRQMATTTNPLIRHENRMVLASTTAKAMEQMAGSSEQAAEAMEVANQTR""QMVHAMRTIGTHPSSSAGLKDDLLENLQAYQKRMGVQMQRFK"
">ADI49383 A/Berlin/INS170/2009 2009/12/11 M1","MSLLTEVETYVLSIIPSGPLKAEIAQRLESVFAGKNTDLEALMEWLKTRPILSPLTKGILGFVFTLTVPS""ERGLQRRRFVQNALNGNGDPNNMDRAVKLYKKLKREITFHGAKEVSLSYSTGALASCMGLIYNRMGTVTT""EAAFGLVCATCEQIADSQHRSHRQMATTTNPLIRHENRMVLASTTAKAMEQMAGSSEQAAEAMEVANQTR""QMVHAMRTIGTHPSSSAGLKDDLLENLQAYQKRMGVQMQRFK"
">AFG99139 A/Bilthoven/10684/1982 1982// M1","MSLLTEVETYVLSIVPSGPLKAEIAQRLEDVFAGKNTDLEALMEWLKTRPILSPLTKGILGFVFTLTVPS""ERGLQRRRFVQNALNGNGDPNNMDRAVKLYRKLKREITFHGAKEIALSYSAGALASCMGLIYNRMGAVTT""EVAFGLVCATCEQIADSQHRSHRQMVATTNPLIRHENRMVLASTTAKAMEQMAGSSEQAAEAMEVASQAR""QMVQAMRAIGTHPSSSAGLKDDLLENLQTYQKRMGVQMQRFK"
">ADU02804 A/Bucuresti/273/2009 2009/01/29 M1","IASQARQMVQAMRAIGTHPSSSTGLRDDLLENLQTYQKRMGVQMQRFK"
">ALM04516 A/Budapest/1514A07805419T/2013 2013/02/05 M1","MSLLTEVETYVLSIVPSGPLKAEIAQRLEDVFAGKNTDLEALMEWLKTRPILSPLTKGILGFVFTLTVPS""ERGLQRRRFVQNALNGNGDPNNMDKAVKLYRKLKREITFHGAKEIALSYSAGALASCMGLIYNRMGAVTT""EVAFGLVCATCEQIADSQHRSHRQMVATTNPLIKHENRMVLASTTAKAMEQMAGSSEQAAEAMEIASQAR""QMVQAMRAIGTHPSSSTGLRDDLLENLQTYQKRMGVQMQRFK"
">ACR10200 A/Catalonia/122/2009 2009/05/01 M1","AEIAQRLESVFAGKNTDLEALMEWLKTRPILSPLTKGILGFVFTLTVPSERGLQRRRFVQNALNGNGDPN""NMDRAVKLYKKLKREITFHGAKEVSLSYSTGALASCMGLIYNRMGTVTTEAAFGLVCATCEQIADSQHRS""HRQMATTTNPLIRHENRMVLASTTAKAMEQMAGSSEQAAEAMEVANQTRQMVHAMRTIGTHPSSSAGLKD""DLLENLQAYQKRMGVQMQRFK"
">ACI25725 A/Czech Republic/1/1966 1966// M1","MSLLTEVETYVLSIVPSGPLKAEIAQRLEDVFAGKNTDLEALMEWLKTRPILSPLTKGILGFVFTLTVPS""ERGLQRRRFVQNALNGNGDPNNMDRAVKLYRKLKREITFHGAKEIALSYSAGALASCMGLIYNRMGAVTT""EVAFGLVCATCEQIADSQHRSHRQMVTTTNPLIRHENRMVLASTTAKAMEQMAGSSEQAAEAMEVASQAR""QMVQAMRAIGTHPSSSAGLKDDLLENLQAYQKRMGVQMQRFK"
">CRX62672 A/England/01180011/2010 2010/03/18 M1","MSLLTEVETYVLSIIPSGPLKAEIAQRLESVFAGKNTDLEALMEWLKTRPILSPLTKGILGFVFTLTVPS""ERGLQRRRFVQNALNGNGDPNNMDRAVKLYKKLKREITFHGAKEVSLSYSTGALASCMGLIYNRMGTVTT""EAAFGLVCATCEQIADSQHRSHRQMATTTNPLIKHENRMVLASTTAKAMEQMAGSSEQAAEAMEVANQTR""QMVHAMRTIGTHPSSSAGLKDDLLENLQAYQKRMGVQMQRFK"
">AIT16814 A/Finland/80/2014 2014/02/11 M1","MSLLTEVETYVLSIIPSGPLKAEIAQRLESVFAGKNTDLEALMEWLKTRPILSPLTKGILGFVFTLTVPS""ERGLQRRRFIQNALNGNGDPNNMDRAVKLYKKLKREITFHGAKEVSLSYSTGALASCMGLIYNRMGTVTT""EAAFGLVCATCEQIADSQHRSHRQMATTTNPLIRHENRMVLASTTAKAMEQVAGSSEQAAEAMEVANQTR""QMVHAMRTIGTHPSSSAGLRDDLLENLQAYQKRMGVQMQRFK"
">AZN23200 A/France/180130-1/2018 2018/01/22 M1","MSLLTEVETYVLSIIPSGPLKAEIAQRLESVFAGKNTDLEALMEWLKTRPILSPLTKGILGFVFTLTVPS""ERGLQRRRFIQNALNGNGDPNNMDRAVKLYKKLKREITFHGAKEVSLSYSTGALASCMGLIYNRMGTVTT""EAAFGLVCATCEQIADSQHRSHRQMATTTNPLIRHENRMVLASTTAKAMEQVAGSSEQAAEAMEVANKTR""QMVHAMRTIGTHPSSSAGLRDDLLENLQAYQKRMGVQMQRFK"
">ADJ41784 A/Gdansk/037/2009 2009/11/20 M1","MSLLTEVETYVLSIIPSGPLKAEIAQRLESVFAGKNTDLEALMEWLKTRPILSPLTKGILGFVFTLTVPS""ERGLQRRRFVQNALNGNGDPNNMDRAVKLYKKLKREITFHGAKEVSLSYSTGALASCMGLIYNRMGTVTT""EAAFGLVCATCEQIADSQHRSHRQMATTTNPLIRHENRMVLASTTAKAMEQMAGSSEQAAEAMEVANQTR""QMVHAMRTIGTHPSSSAGLKDDLLENLQAYQKRMGVQMQRFK"""
