">ALM04512 A/Addis Ababa/1514A07305892N/2013 2013/09/26 M1","MSLLTEVETYVLSIVPSGPLKAEIAQRLEDVFAGKNTDLEALMEWLKTRPILSPLTKGILGFVFTLTVPS""ERGLQRRRFVQNALNGNGDPNNMDKAVKLYRKLKREITFHGAKEIALSYSAGALASCMGLIYNRMGAVTT""EVAFGLVCATCEQIADSQHRSHRQMVATTNPLIKHENRMVLASTTAKAMEQMAGSSEQAAEAMEIASQAR""QMVQAMRAIGTHPSSSTGLRDDLLENLQTYQKRMGVQMQRFK"
">ADM14978 A/Addis Ababa/WR2848T/2009 2009/12/01 M1","MSQLTEVETYVLSIIPSGPLKAEIAQRLESVFAGKNTDLEALMEWLKTRPILSPLTKGILGFVFTLTVPS""ERGLQRRRFVQNALNGNGDPNNMDRAVKLYKKLKREITFHGAKEVSLSYSTGALASCMGLIYNRMGTVTT""EAAFGLVCATCEQIADSQHRSHRQMATTTNPLIRHENRMVLASTTAKAMEQMAGSSEQAAEAMEVANQTR""QMVHAMRTIGTHPSSSAGLKDDLLENLQAYQKRMGVQMQRFK"
">AQY18744 A/Cameroon/14V-3881/2014 2014/06/09 M1","MSLLTEVETYVLSIVPSGPLKAEIAQRLEDVFAGKNTDLEALMEWLKTRPILSPLTKGILGFVFTLTVPS""ERGLQRRRFVQNALNGNGDPNNMDKAVKLYRKLKREITFHGAKEIALSYSAGALASCMGLIYNRMGAVTT""EVAFGLVCATCEQIADSQHRSHRQMVATTNPLIKHENRMVLASTTAKAMEQMAGSSEQAAEAMEIASQAR""QMVQAMRAIGTHPSSSTGLRDDLLENLQTYQKRMGVQMQRFK"
">AQY18748 A/Cameroon/14V-3889/2014 2014/06/06 M1","LTEVETYVLSIVPSGPLKAEIAQRLEDVFAGKNTDLEALMEWLKTRPILSPLTKGILGFVFTLTVPSERG""LQRRRFVQNALNGNGDPNNMDKAVKLYRKLKREITFHGAKEIALSYSAGALASCMGLIYNRMGAVTTEVA""FGLVCATCEQIADSQHRSHRQMVATTNPLIKHENRMVLASTTAKAMEQMAGSSEQAAEAMEIASQARQMV""QAMRAIGTHPSSSTGLRDDLLENLQTYQKRMGVQMQRFK"
">AQY18756 A/Cameroon/14V-4304/2014 2014/06/20 M1","LTEVETYVLSIVPSGPLKAEIAQRLEDVFAGKNTDLEALMEWLKTRPILSPLTKGILGFVFTLTVPSERG""LQRRRFVQNALNGNGDPNNMDKAVKLYRKLKREITFHGAKEIALSYSAGALASCMGLIYNRMGAVTTEVA""FGLVCATCEQIADSQHRSHRQMVATTNPLIKHENRMVLASTTAKAMEQMAGSSEQAAEAMEIASQARQMV""QAMRAIGTHPSSSTGLRDDLLENLQTYQKRMGVQMQRFK"
">AQY18760 A/Cameroon/14V-4680/2014 2014/07/04 M1","LTEVETYVLSIVPSGPLKAEIAQRLEDVFAGKNTDLEALMEWLKTRPILSPLTKGILGFVFTLTVPSERG""LQRRRFVQNALNGNGDPNNMDKAVKLYRKLKREITFHGAKEIALSYSAGALASCMGLIYNRMGAVTTEVA""FGLVCATCEQIADSQHRSHRQMVATTNPLIKHENRMVLASTTAKAMEQMAGSSEQAAEAMEIASQARQMV""QAMRAIGTHPSSSTGLRDDLLENLQTYQKRMGVQMQRFK"
">AVV64981 A/Cameroon/14v-1822_M/2014 2014/03/12 M1","KAEIAQRLESVFAGKNTDLEALMEWLKTRPILSPLTKGILGFVFTLTVPSERGLQRRRFIQNALNGNGDP""NNMDRAVKLYKKLKREITFHGAKEVSLSYSTGALASCMGLIYNRMGTVTTEAAFGLVCATCEQIADSQHR""SHRQMATTTNPLIRHENRMVLASTTAKAMEQVAGSSEQAAEAMEVANQTRQMVHAMRTIGTHPSSSAGLR""DDLLENLQAYQKRMGVQMQRFK"
">AVV64983 A/Cameroon/14v-213-M/2014 2014/01/09 M1","LSIIPSGPLKAEIAQRLESVFAGKNTDLEALMEWLKTRPILSPLTKGILGFVFTLTVPSERGLQRRRFIQ""NALNGNGDPNNMDRAVKLYKKLKREITFHGAKEVSLSYSTGALASCMGLIYNRMGTVTTEAAFGLVCATC""EQIADSQHRSHRQMATTTNPLIRHENRMVLASTTARAMEQVAGSSEQAAEAMEVANQTRQMVHAMRTIGT""HPSSSAGLRDDLLENLQAYQKRMGVQMQRFK"
">AXO59834 A/Cameroon/14v-9617/2014 2014/12/03 M1","MSLLTEVETYVLSIVPSGPLKAEIAQRLEDVFAGKNTDLEALMEWLKTRPILSPLTKGILGFVFTLTVPS""ERGLQRRRFVQNALNGNGDPNNMDKAVKLYRKLKREITFHGAKEIALSYSAGALASCMGLIYNRMGAVTT""EVAFGLVCATCEQIADSQHRSHRQMVATTNPLIKHENRMVLASTTAKAMEQMAGSSEQAAEAMEIASQAR""QMVQAMRAIGTHPSSSTGLRDDLLENLQTYQKRMGVQMQRFK"
">AQY18764 A/Cameroon/15V-0569/2015 2015/01/14 M1","TYVLSIVPSGPLKAEIAQRLEDVFAGKNTDLEALMEWLKTRPILSPLTKGILGFVFTLTVPSERGLQRRR""FVQNALNGNGDPNNMDKAVKLYRKLKREITFHGAKEIALSYSAGALASCMGLIYNRMGAVTTEVAFGLVC""ATCEQIADSQHRSHRQMVATTNPLIKHENRMVLASTTAKAMEQMAGSSEQAAEAMEIASQARQMVQAMRA""IGTHPSSSTGLRDDLLENLQTYQKRMGVQMQRFK"
">AQY18768 A/Cameroon/15V-1265/2015 2015/02/05 M1","LTEVETYVLSIVPSGPLKAEIAQRLEDVFAGKNTDLEALMEWLKTRPILSPLTKGILGFVFTLTVPSERG""LQRRRFVQNALNGNGDPNNMDKAVKLYRKLKREITFHGAKEIALSYSAGALASCMGLIYNRMGAVTTEVA""FGLVCATCEQIADSQHRSHRQMVATTNPLIKHENRMVLASTTAKAMEQMAGSSEQAAEAMEIASQARQMV""QAMRAIGTHPSSSTGLRDDLLENLQTYQKRMGVQMQRFK"
">AQY18772 A/Cameroon/15V-2112/2015 2015/03/09 M1","MSLLTEVETYVLSIVPSGPLKAEIAQRLEDVFAGKNTDLEALMEWLKTRPILSPLTKGILGFVFTLTVPS""ERGLQRRRFVQNALNGNGDPNNMDKAVKLYRKLKREITFHGAKEIALSYSAGALASCMGLIYNRMGAVTT""EVAFGLVCATCEQIADSQHRSHRQMVATTNPLIKHENRMVLASTTAKAMEQMAGSSEQAAEAMEIASQAR""QMVQAMRAIGTHPSSSTGLRDDLLENLQTYQKRMGVQMQRFK"
">AQY18776 A/Cameroon/15V-2119/2015 2015/03/12 M1","MSLLTEVETYVLSIVPSGPLKAEIAQRLEDVFAGKNTDLEALMEWLKTRPILSPLTKGILGFVFTLTVPS""ERGLQRRRFVQNALNGNGDPNNMDKAVKLYRKLKREITFHGAKEIALSYSAGALASCMGLIYNRMGAVTT""EVAFGLVCATCEQIADSQHRSHRQMVATTNPLIKHENRMVLASTTAKAMEQMAGSSEQAAEAMEIASQAR""QMVQAMRAIGTHPSSSTGLRDDLLENLQTYQKRMGVQMQRFK"
">AQY18780 A/Cameroon/15V-3279/2015 2015/04/17 M1","MSLLTEVETYVLSIVPSGPLKAEIAQRLEDVFAGKNTDLEALMEWLKTRPILSPLTKGILGFVFTLTVPS""ERGLQRRRFVQNALNGNGDPNNMDKAVKLYRKLKREITFHGAKEIALSYSAGALASCMGLIYNRMGAVTT""EVAFGLVCATCEQIADSQHRSHRQMVATTNPLIKHENRMVLASTTAKAMEQMAGSSEQAAEAMEIASQAR""QMVQAMRAIGTHPSSSTGLRDDLLENLQTYQKRMGVQMQRFK"
">AQY18784 A/Cameroon/15V-3538/2015 2015/05/05 M1","MSLLTEVETYVLSIVPSGPLKAEIAQRLEDVFAGKNTDLEALMEWLKTRPILSPLTKGILGFVFTLTVPS""ERGLQRRRFVQNALNGNGDPNNMDKAVKLYRKLKREITFHGAKEIALSYSAGALASCMGLIYNRMGAVTT""EVAFGLVCATCEQIADSQHRSHRQMVATTNPLIKHENRMVLASTTAKAMEQMAGSSEQAAEAMEIASQAR""QMVQAMRAIGTHPSSSTGLRDDLLENLQTYQKRMGVQMQRFK"
">AQY18788 A/Cameroon/15V-4101/2015 2015/05/18 M1","TYVLSIVPSGPLKAEIAQRLEDVFAGKNTDLEALMEWLKTRPILSPLTKGILGFVFTLTVPSERGLQRRR""FVQNALNGNGDPNNMDKAVKLYRKLKREITFHGAKEIALSYSAGALASCMGLIYNRMGAVTTEVAFGLVC""ATCEQIADSQHRSHRQMVATTNPLIKHENRMVLASTTAKAMEQMAGSSEQAAEAMEIASQARQMVQAMRA""IGTHPSSSTGLRDDLLENLQTYQKRMGVQMQRFK"
">AQY18792 A/Cameroon/15V-6331/2015 2015/08/26 M1","MSLLTEVETYVLSIVPSGPLKAEIAQRLEDVFAGKNTDLEALMEWLKTRPILSPLTKGILGFVFTLTVPS""ERGLQRRRFVQNALNGNGDPNNMDKAVKLYRKLKREITFHGAKEIALSYSAGALASCMGLIYNRMGAVTT""EVAFGLVCATCEQIADSQHRSHRQMVATTNPLIKHENRMVLASTTAKAMEQMAGSSEQAAEAMEIASQAR""QMVQAMRAIGTHPSSSTGLRDDLLENLQTYQKRMGVQMQRFK"
">AQY18796 A/Cameroon/15V-6727/2015 2015/09/17 M1","MSLLTEVETYVLSIVPSGPLKAEIAQRLEDVFAGKNTDLEALMEWLKTRPILSPLTKGILGFVFTLTVPS""ERGLQRRRFVQNALNGNGDPNNMDKAVKLYRKLKREITFHGAKEIALSYSAGALASCMGLIYNRMGAVTT""EVAFGLVCATCEQIADSQHRSHRQMVATTNPLIKHENRMVLASTTAKAMEQMAGSSEQAAEAMEIASQAR""QMVQAMRAIGTHPSSSTGLRDDLLENLQTYQKRMGVQMQRFK"
">AQY18800 A/Cameroon/15V-6956/2015 2015/09/23 M1","MSLLTEVETYVLSIVPSGPLKAEIAQRLEDVFAGKNTDLEALMEWLKTRPILSPLTKGILGFVFTLTVPS""ERGLQRRRFVQNALNGNGDPNNMDKAVKLYRKLKREITFHGAKEIALSYSAGALASCMGLIYNRMGAVTT""EVAFGLVCATCEQIADSQHRSHRQMVATTNPLIKHENRMVLASTTAKAMEQMAGSSEQAAEAMEIASQAR""QMVQAMRAIGTHPSSSTGLRDDLLENLQTYQKRMGVQMQRFK"
">AQY18804 A/Cameroon/15V-7288/2015 2015/10/08 M1","MSLLTEVETYVLSIVPSGPLKAEIAQRLEDVFAGKNTDLEALMEWLKTRPILSPLTKGILGFVFTLTVPS""ERGLQRRRFVQNALNGNGDPNNMDKAVKLYRKLKREITFHGAKEIALSYSAGALASCMGLIYNRMGAVTT""EVAFGLVCATCEQIADSQHRSHRQMVATTNPLIKHENRMVLASTTAKAMEQMAGSSEQAAEAMEIASQAR""QMVQAMRAIGTHPSSSTGLRDDLLENLQTYQKRMGVQMQRFK"""
